"Reporting Starts","Reporting Ends","Ad Set Name","DMA Region",Budget,"Budget Type","Amount Spent (USD)","Amount Spent Today (USD)","CTR (All)","CTR (Link Click-Through Rate)","CPC (Cost per Link Click) (USD)","Cost per Website Content Views (USD)","Cost per Website Checkout Initiated (USD)","Cost per Website Registration Completed (USD)","Cost per Website Lead (USD)","Cost per Website Search (USD)","Cost per Website Add to Wishlist (USD)","Cost per Page Like (USD)","Video Percentage Watched","Cost per 10-Second Video View (USD)","Post Reactions","Post Comments","Post Shares","Link Clicks","Website Registrations Completed","Website Leads","Website Purchases","Website Checkouts Initiated Conversion Value","Website Adds to Wishlist","Website Checkouts Initiated","Website Searches","Video Watches at 50%","Video Watches at 75%"
2017-06-21,2017-07-17,ProBook_xPg_6txt_SendLane2544,"New York",7,Daily,0.4,0,0,,,,,,,,,,0,,,,,,,,,,,,,,
2017-06-21,2017-07-17,ProBook_xPg_6txt_SendLane2544,Macon,7,Daily,0.06,0,18.181818181818,,,,,0.06,,0.06,,,0,,,,,,1,,,,,,1,,
2017-06-21,2017-07-17,ProBook_xPg_6txt_SendLane2544,Philadelphia,7,Daily,0.48,0,2.5,2.5,0.48,,,,,,,,0,,,,,1,,,,,,,,,
2017-06-21,2017-07-17,ProBook_xPg_6txt_SendLane2544,Detroit,7,Daily,0.47,0,0,,,,,,,,,,0,,,,,,,,,,,,,,
2017-06-21,2017-07-17,ProBook_xPg_6txt_SendLane2544,"Boston (Manchester)",7,Daily,0.11,0,0,,,,,,,,,,0,,,,,,,,,,,,,,
2017-06-21,2017-07-17,ProBook_xPg_6txt_SendLane2544,Savannah,7,Daily,0.07,0,0,,,,,,,,,,0,,,,,,,,,,,,,,
2017-06-21,2017-07-17,ProBook_xPg_6txt_SendLane2544,Pittsburgh,7,Daily,0.01,0,0,,,,,,,,,,0,,,,,,,,,,,,,,
2017-06-21,2017-07-17,ProBook_xPg_6txt_SendLane2544,"Cleveland-Akron (Canton)",7,Daily,0.08,0,0,,,,,,,,,,0,,,,,,,,,,,,,,
2017-06-21,2017-07-17,ProBook_xPg_6txt_SendLane2544,"Washington, DC (Hagrstwn)",7,Daily,0.15,0,0,,,,,,,,,,0,,,,,,,,,,,,,,
2017-06-21,2017-07-17,ProBook_xPg_6txt_SendLane2544,Baltimore,7,Daily,0.43,0,7.6923076923077,,,,,,,,,,0,,,,,,,,,,,,,,
2017-06-21,2017-07-17,ProBook_xPg_6txt_SendLane2544,Buffalo,7,Daily,0.13,0,0,,,,,,,,,,0,,,,,,,,,,,,,,
2017-06-21,2017-07-17,ProBook_xPg_6txt_SendLane2544,Cincinnati,7,Daily,0.06,0,14.285714285714,,,,,,,,,,0,,,,,,,,,,,,,,
2017-06-21,2017-07-17,ProBook_xPg_6txt_SendLane2544,Charlotte,7,Daily,0.29,0,3.7037037037037,3.7037037037037,0.29,,,0.03625,,0.29,,,0,,,,,1,8,,,,,,1,,
2017-06-21,2017-07-17,ProBook_xPg_6txt_SendLane2544,Greensboro-H.Point-W.Salem,7,Daily,0.14,0,0,,,,,,,,,,0,,,,,,,,,,,,,,
2017-06-21,2017-07-17,ProBook_xPg_6txt_SendLane2544,"Charleston, SC",7,Daily,0.09,0,0,,,,,,,,,,0,,,,,,,,,,,,,,
2017-06-21,2017-07-17,ProBook_xPg_6txt_SendLane2544,Augusta-Aiken,7,Daily,0.15,0,9.0909090909091,,,,,,,,,,0,,,,,,,,,,,,,,
2017-06-21,2017-07-17,ProBook_xPg_6txt_SendLane2544,"Providence-New Bedford",7,Daily,0.01,0,0,,,,,,,,,,0,,,,,,,,,,,,,,
2017-06-21,2017-07-17,ProBook_xPg_6txt_SendLane2544,"Columbus, GA (Opelika, Al)",7,Daily,0.05,0,0,,,,,,,,,,0,,,,,,,,,,,,,,
2017-06-21,2017-07-17,ProBook_xPg_6txt_SendLane2544,Atlanta,7,Daily,1.44,0,1.8348623853211,0.91743119266055,1.44,,,1.44,,1.44,,,0,,,,,1,1,,,,,,1,,
2017-06-21,2017-07-17,ProBook_xPg_6txt_SendLane2544,Indianapolis,7,Daily,0.33,0,0,,,,,,,,,,0,,,,,,,,,,,,,,
2017-06-21,2017-07-17,ProBook_xPg_6txt_SendLane2544,"Miami-Ft. Lauderdale",7,Daily,0.51,0,0,,,,,,,,,,0,,,,,,,,,,,,,,
2017-06-21,2017-07-17,ProBook_xPg_6txt_SendLane2544,Louisville,7,Daily,0.08,0,0,,,,,,,,,,0,,,,,,,,,,,,,,
2017-06-21,2017-07-17,ProBook_xPg_6txt_SendLane2544,Tallahassee-Thomasville,7,Daily,0.09,0,0,,,,,,,,,,0,,,,,,,,,,,,,,
2017-06-21,2017-07-17,ProBook_xPg_6txt_SendLane2544,"Hartford & New Haven",7,Daily,0.09,0,0,,,,,,,,,,0,,,,,,,,,,,,,,
2017-06-21,2017-07-17,ProBook_xPg_6txt_SendLane2544,"Orlando-Daytona Bch-Melbrn",7,Daily,0.14,0,0,,,,,,,,,,0,,,,,,,,,,,,,,
2017-06-21,2017-07-17,ProBook_xPg_6txt_SendLane2544,"Columbus, OH",7,Daily,0.12,0,0,,,,,,,,,,0,,,,,,,,,,,,,,
2017-06-21,2017-07-17,ProBook_xPg_6txt_SendLane2544,"Rochester, NY",7,Daily,0.01,0,0,,,,,,,,,,0,,,,,,,,,,,,,,
2017-06-21,2017-07-17,ProBook_xPg_6txt_SendLane2544,"Tampa-St. Pete (Sarasota)",7,Daily,0.22,0,0,,,,,,,,,,0,,,,,,,,,,,,,,
2017-06-21,2017-07-17,ProBook_xPg_6txt_SendLane2544,Lexington,7,Daily,0.04,0,0,,,,,,,,,,0,,,,,,,,,,,,,,
2017-06-21,2017-07-17,ProBook_xPg_6txt_SendLane2544,Dayton,7,Daily,0.08,0,0,,,,,,,,,,0,,,,,,,,,,,,,,
2017-06-21,2017-07-17,ProBook_xPg_6txt_SendLane2544,Springfield-Holyoke,7,Daily,0.02,0,0,,,,,,,,,,0,,,,,,,,,,,,,,
2017-06-21,2017-07-17,ProBook_xPg_6txt_SendLane2544,"Norfolk-Portsmth-Newpt Nws",7,Daily,0.21,0,0,,,,,,,,,,0,,,,,,,,,,,,,,
2017-06-21,2017-07-17,ProBook_xPg_6txt_SendLane2544,"Columbia, SC",7,Daily,0.11,0,0,,,,,,,,,,0,,,,,,,,,,,,,,
2017-06-21,2017-07-17,ProBook_xPg_6txt_SendLane2544,Toledo,7,Daily,0.01,0,0,,,,,,,,,,0,,,,,,,,,,,,,,
2017-06-21,2017-07-17,ProBook_xPg_6txt_SendLane2544,"West Palm Beach-Ft. Pierce",7,Daily,0.32,0,7.1428571428571,,,,,,,,,,0,,,,,,,,,,,,,,
2017-06-21,2017-07-17,ProBook_xPg_6txt_SendLane2544,Wilmington,7,Daily,0,0,0,,,,,,,,,,0,,,,,,,,,,,,,,
2017-06-21,2017-07-17,ProBook_xPg_6txt_SendLane2544,Lansing,7,Daily,0.07,0,0,,,,,,,,,,0,,,,,,,,,,,,,,
2017-06-21,2017-07-17,ProBook_xPg_6txt_SendLane2544,Syracuse,7,Daily,0.01,0,0,,,,,,,,,,0,,,,,,,,,,,,,,
2017-06-21,2017-07-17,ProBook_xPg_6txt_SendLane2544,Richmond-Petersburg,7,Daily,0.2,0,0,,,,,,,,,,0,,,,,,,,,,,,,,
2017-06-21,2017-07-17,ProBook_xPg_6txt_SendLane2544,Knoxville,7,Daily,0,0,0,,,,,,,,,,0,,,,,,,,,,,,,,
2017-06-21,2017-07-17,ProBook_xPg_6txt_SendLane2544,"Raleigh-Durham (Fayetvlle)",7,Daily,0.58,0,2.7027027027027,,,,,,,,,,0,,,,,,,,,,,,,,
2017-06-21,2017-07-17,ProBook_xPg_6txt_SendLane2544,Jacksonville,7,Daily,0.2,0,5,,,,,,,,,,0,,1,,,,,,,,,,,,
2017-06-21,2017-07-17,ProBook_xPg_6txt_SendLane2544,Chattanooga,7,Daily,0,0,0,,,,,,,,,,0,,,,,,,,,,,,,,
2017-06-21,2017-07-17,ProBook_xPg_6txt_SendLane2544,"Wilkes Barre-Scranton-Hztn",7,Daily,0.02,0,0,,,,,,,,,,0,,,,,,,,,,,,,,
2017-06-21,2017-07-17,ProBook_xPg_6txt_SendLane2544,Chicago,7,Daily,0.48,0,0,,,,,,,,,,0,,,,,,,,,,,,,,
2017-06-21,2017-07-17,ProBook_xPg_6txt_SendLane2544,Topeka,7,Daily,0,0,0,,,,,,,,,,0,,,,,,,,,,,,,,
2017-06-21,2017-07-17,ProBook_xPg_6txt_SendLane2544,"St. Louis",7,Daily,0.16,0,0,,,,,,,,,,0,,,,,,,,,,,,,,
2017-06-21,2017-07-17,ProBook_xPg_6txt_SendLane2544,"Rochestr-Mason City-Austin",7,Daily,0,0,0,,,,,,,,,,0,,,,,,,,,,,,,,
2017-06-21,2017-07-17,ProBook_xPg_6txt_SendLane2544,Shreveport,7,Daily,0.12,0,0,,,,,,,,,,0,,,,,,,,,,,,,,
2017-06-21,2017-07-17,ProBook_xPg_6txt_SendLane2544,"Minneapolis-St. Paul",7,Daily,0.04,0,0,,,,,,,,,,0,,,,,,,,,,,,,,
2017-06-21,2017-07-17,ProBook_xPg_6txt_SendLane2544,"Kansas City",7,Daily,0.07,0,0,,,,,,,,,,0,,,,,,,,,,,,,,
2017-06-21,2017-07-17,ProBook_xPg_6txt_SendLane2544,Milwaukee,7,Daily,0.11,0,0,,,,,,,,,,0,,,,,,,,,,,,,,
2017-06-21,2017-07-17,ProBook_xPg_6txt_SendLane2544,Houston,7,Daily,1.04,0,0,,,,,,,,,,0,,,,,,,,,,,,,,
2017-06-21,2017-07-17,ProBook_xPg_6txt_SendLane2544,"Springfield, MO",7,Daily,0.01,0,0,,,,,,,,,,0,,,,,,,,,,,,,,
2017-06-21,2017-07-17,ProBook_xPg_6txt_SendLane2544,"New Orleans",7,Daily,0.13,0,0,,,,,,,,,,0,,,,,,,,,,,,,,
2017-06-21,2017-07-17,ProBook_xPg_6txt_SendLane2544,"Dallas-Ft. Worth",7,Daily,0.58,0,0,,,,,,,,,,0,,,,,,,,,,,,,,
2017-06-21,2017-07-17,ProBook_xPg_6txt_SendLane2544,Waco-Temple-Bryan,7,Daily,0.05,0,0,,,,,,,,,,0,,,,,,,,,,,,,,
2017-06-21,2017-07-17,ProBook_xPg_6txt_SendLane2544,"Wichita Falls & Lawton",7,Daily,0.02,0,0,,,,,,,,,,0,,,,,,,,,,,,,,
2017-06-21,2017-07-17,ProBook_xPg_6txt_SendLane2544,"Birmingham (Ann And Tusc)",7,Daily,0.24,0,3.2258064516129,,,,,,,,,,0,,,,,,,,,,,,,,
2017-06-21,2017-07-17,ProBook_xPg_6txt_SendLane2544,Odessa-Midland,7,Daily,0.11,0,0,,,,,,,,,,0,,,,,,,,,,,,,,
2017-06-21,2017-07-17,ProBook_xPg_6txt_SendLane2544,Harlingen-Wslco-Brnsvl-Mca,7,Daily,0.01,0,0,,,,,,,,,,0,,,,,,,,,,,,,,
2017-06-21,2017-07-17,ProBook_xPg_6txt_SendLane2544,Memphis,7,Daily,0.31,0,0,,,,,,,,,,0,,,,,,,,,,,,,,
2017-06-21,2017-07-17,ProBook_xPg_6txt_SendLane2544,"San Antonio",7,Daily,0.03,0,0,,,,,,,,,,0,,,,,,,,,,,,,,
2017-06-21,2017-07-17,ProBook_xPg_6txt_SendLane2544,"Lafayette, LA",7,Daily,0.1,0,0,,,,,,,,,,0,,,,,,,,,,,,,,
2017-06-21,2017-07-17,ProBook_xPg_6txt_SendLane2544,"Oklahoma City",7,Daily,0.1,0,0,,,,,,,,,,0,,,,,,,,,,,,,,
2017-06-21,2017-07-17,ProBook_xPg_6txt_SendLane2544,Lubbock,7,Daily,0.03,0,0,,,,,,,,,,0,,,,,,,,,,,,,,
2017-06-21,2017-07-17,ProBook_xPg_6txt_SendLane2544,Omaha,7,Daily,0.04,0,0,,,,,,,,,,0,,,,,,,,,,,,,,
2017-06-21,2017-07-17,ProBook_xPg_6txt_SendLane2544,Nashville,7,Daily,0.16,0,0,,,,,,,,,,0,,,,,,,,,,,,,,
2017-06-21,2017-07-17,ProBook_xPg_6txt_SendLane2544,Madison,7,Daily,0.11,0,0,,,,,,,,,,0,,,,,,,,,,,,,,
2017-06-21,2017-07-17,ProBook_xPg_6txt_SendLane2544,Tulsa,7,Daily,0.05,0,0,,,,,,,,,,0,,,,,,,,,,,,,,
2017-06-21,2017-07-17,ProBook_xPg_6txt_SendLane2544,Peoria-Bloomington,7,Daily,0.02,0,0,,,,,,,,,,0,,,,,,,,,,,,,,
2017-06-21,2017-07-17,ProBook_xPg_6txt_SendLane2544,"Wichita-Hutchinson Plus",7,Daily,0.05,0,0,,,,,,,,,,0,,,,,,,,,,,,,,
2017-06-21,2017-07-17,ProBook_xPg_6txt_SendLane2544,"Des Moines-Ames",7,Daily,0,0,0,,,,,,,,,,0,,,,,,,,,,,,,,
2017-06-21,2017-07-17,ProBook_xPg_6txt_SendLane2544,"Mobile-Pensacola (Ft Walt)",7,Daily,0.05,0,0,,,,,,,,,,0,,,,,,,,,,,,,,
2017-06-21,2017-07-17,ProBook_xPg_6txt_SendLane2544,"Huntsville-Decatur (Flor)",7,Daily,0.17,0,0,,,,,,,,,,0,,,,,,,,,,,,,,
2017-06-21,2017-07-17,ProBook_xPg_6txt_SendLane2544,"Beaumont-Port Arthur",7,Daily,0.03,0,0,,,,,,,,,,0,,,,,,,,,,,,,,
2017-06-21,2017-07-17,ProBook_xPg_6txt_SendLane2544,"Little Rock-Pine Bluff",7,Daily,0.07,0,20,10,0.07,,,0.07,,0.07,,,0,,,,,1,1,,,,,,1,,
2017-06-21,2017-07-17,ProBook_xPg_6txt_SendLane2544,Montgomery-Selma,7,Daily,0.08,0,0,,,,,,,,,,0,,,,,,,,,,,,,,
2017-06-21,2017-07-17,ProBook_xPg_6txt_SendLane2544,"Baton Rouge",7,Daily,0.12,0,0,,,,,,,,,,0,,,,,,,,,,,,,,
2017-06-21,2017-07-17,ProBook_xPg_6txt_SendLane2544,"Jackson, MS",7,Daily,0.18,0,0,,,,,,,,,,0,,,,,,,,,,,,,,
2017-06-21,2017-07-17,ProBook_xPg_6txt_SendLane2544,Anchorage,7,Daily,0.05,0,0,,,,,,,,,,0,,,,,,,,,,,,,,
2017-06-21,2017-07-17,ProBook_xPg_6txt_SendLane2544,Honolulu,7,Daily,0,0,0,,,,,,,,,,0,,,,,,,,,,,,,,
2017-06-21,2017-07-17,ProBook_xPg_6txt_SendLane2544,Denver,7,Daily,0.07,0,0,,,,,,,,,,0,,,,,,,,,,,,,,
2017-06-21,2017-07-17,ProBook_xPg_6txt_SendLane2544,"Phoenix (Prescott)",7,Daily,0.19,0,0,,,,,,,,,,0,,,,,,,,,,,,,,
2017-06-21,2017-07-17,ProBook_xPg_6txt_SendLane2544,Boise,7,Daily,0.06,0,0,,,,,,,,,,0,,,,,,,,,,,,,,
2017-06-21,2017-07-17,ProBook_xPg_6txt_SendLane2544,"El Paso (Las Cruces)",7,Daily,0.01,0,0,,,,,,,,,,0,,,,,,,,,,,,,,
2017-06-21,2017-07-17,ProBook_xPg_6txt_SendLane2544,"Salt Lake City",7,Daily,0.03,0,0,,,,,,,,,,0,,,,,,,,,,,,,,
2017-06-21,2017-07-17,ProBook_xPg_6txt_SendLane2544,"Tucson (Sierra Vista)",7,Daily,0.03,0,0,,,,,,,,,,0,,,,,,,,,,,,,,
2017-06-21,2017-07-17,ProBook_xPg_6txt_SendLane2544,Bakersfield,7,Daily,0,0,0,,,,,,,,,,0,,,,,,,,,,,,,,
2017-06-21,2017-07-17,ProBook_xPg_6txt_SendLane2544,"Los Angeles",7,Daily,0.77,0,1.5625,,,,,,,,,0.77,0,,,,,,,,,,,,,,
2017-06-21,2017-07-17,ProBook_xPg_6txt_SendLane2544,"San Francisco-Oak-San Jose",7,Daily,0.18,0,0,,,,,,,,,,0,,,,,,,,,,,,,,
2017-06-21,2017-07-17,ProBook_xPg_6txt_SendLane2544,Reno,7,Daily,0,0,0,,,,,,,,,,0,,,,,,,,,,,,,,
2017-06-21,2017-07-17,ProBook_xPg_6txt_SendLane2544,Seattle-Tacoma,7,Daily,0.19,0,0,,,,,,,,,,0,,,,,,,,,,,,,,
2017-06-21,2017-07-17,ProBook_xPg_6txt_SendLane2544,"Portland, OR",7,Daily,0.05,0,0,,,,,,,,,,0,,,,,,,,,,,,,,
2017-06-21,2017-07-17,ProBook_xPg_6txt_SendLane2544,"San Diego",7,Daily,0,0,0,,,,,,,,,,0,,,,,,,,,,,,,,
2017-06-21,2017-07-17,ProBook_xPg_6txt_SendLane2544,"Las Vegas",7,Daily,0.3,0,0,,,,,,,,,,0,,,,,,,,,,,,,,
2017-06-21,2017-07-17,ProBook_xPg_6txt_SendLane2544,Sacramnto-Stkton-Modesto,7,Daily,0.12,0,0,,,,,,,,,,0,,,,,,,,,,,,,,
2017-06-21,2017-07-17,ProBook_xPg_6txt_SendLane2544,Fresno-Visalia,7,Daily,0,0,0,,,,,,,,,,0,,,,,,,,,,,,,,
2017-06-21,2017-07-17,ProBook_xPg_6txt_SendLane2544,Spokane,7,Daily,0.03,0,0,,,,,,,,,,0,,,,,,,,,,,,,,
2017-06-21,2017-07-17,ProBook_AllPg_75kAccSeLaneReg,"New York",5,Daily,1.1,0.13,4.5045045045045,1.8018018018018,0.55,,,1.1,,0.55,,,0,,,,,2,1,,,,,,2,,
2017-06-21,2017-07-17,ProBook_AllPg_75kAccSeLaneReg,Macon,5,Daily,0.05,0,0,,,,,,,,,,0,,,,,,,,,,,,,,
2017-06-21,2017-07-17,ProBook_AllPg_75kAccSeLaneReg,Philadelphia,5,Daily,0.3,0.04,0,,,,,,,,,,0,,,,,,,,,,,,,,
2017-06-21,2017-07-17,ProBook_AllPg_75kAccSeLaneReg,Detroit,5,Daily,0.76,0.12,0,,,,,,,,,,0,,,,,,,,,,,,,,
2017-06-21,2017-07-17,ProBook_AllPg_75kAccSeLaneReg,"Boston (Manchester)",5,Daily,0.15,0.02,0,,,,,,,,,,0,,,,,,,,,,,,,,
2017-06-21,2017-07-17,ProBook_AllPg_75kAccSeLaneReg,Savannah,5,Daily,0.11,0.04,0,,,,,,,,,,0,,,,,,,,,,,,,,
2017-06-21,2017-07-17,ProBook_AllPg_75kAccSeLaneReg,Pittsburgh,5,Daily,0.09,0.01,0,,,,,,,,,,0,,,,,,,,,,,,,,
2017-06-21,2017-07-17,ProBook_AllPg_75kAccSeLaneReg,"Ft. Wayne",5,Daily,0.06,0.02,0,,,,,,,,,,0,,,,,,,,,,,,,,
2017-06-21,2017-07-17,ProBook_AllPg_75kAccSeLaneReg,"Cleveland-Akron (Canton)",5,Daily,0.27,0.01,0,,,,,,,,,,0,,,,,,,,,,,,,,
2017-06-21,2017-07-17,ProBook_AllPg_75kAccSeLaneReg,"Washington, DC (Hagrstwn)",5,Daily,0.33,0.06,2.8571428571429,,,,,,,,,,0,,,,,,,,,,,,,,
2017-06-21,2017-07-17,ProBook_AllPg_75kAccSeLaneReg,Baltimore,5,Daily,0.31,0.08,2,,,,,,,,,,0,,,,,,,,,,,,,,
2017-06-21,2017-07-17,ProBook_AllPg_75kAccSeLaneReg,"Flint-Saginaw-Bay City",5,Daily,0.01,0,0,,,,,,,,,,0,,,,,,,,,,,,,,
2017-06-21,2017-07-17,ProBook_AllPg_75kAccSeLaneReg,Buffalo,5,Daily,0.08,0.01,0,,,,,,,,,,0,,,,,,,,,,,,,,
2017-06-21,2017-07-17,ProBook_AllPg_75kAccSeLaneReg,Cincinnati,5,Daily,0.19,0.07,10,,,,,,,,,,0,,,,,,,,,,,,,,
2017-06-21,2017-07-17,ProBook_AllPg_75kAccSeLaneReg,Erie,5,Daily,0.01,0,0,,,,,,,,,,0,,,,,,,,,,,,,,
2017-06-21,2017-07-17,ProBook_AllPg_75kAccSeLaneReg,Charlotte,5,Daily,0.47,0.11,0,,,,,,,,,,0,,,,,,,,,,,,,,
2017-06-21,2017-07-17,ProBook_AllPg_75kAccSeLaneReg,Greensboro-H.Point-W.Salem,5,Daily,0.35,0.06,6.0606060606061,3.030303030303,0.35,,,0.35,,0.35,,0.35,0,,,,,1,1,,,,,,1,,
2017-06-21,2017-07-17,ProBook_AllPg_75kAccSeLaneReg,"Charleston, SC",5,Daily,0.12,0.02,0,,,,,,,,,,0,,,,,,,,,,,,,,
2017-06-21,2017-07-17,ProBook_AllPg_75kAccSeLaneReg,Augusta-Aiken,5,Daily,0.2,0.11,0,,,,,,,,,,0,,,,,,,,,,,,,,
2017-06-21,2017-07-17,ProBook_AllPg_75kAccSeLaneReg,"Providence-New Bedford",5,Daily,0.02,0,0,,,,,,,,,,0,,,,,,,,,,,,,,
2017-06-21,2017-07-17,ProBook_AllPg_75kAccSeLaneReg,"Columbus, GA (Opelika, Al)",5,Daily,0.03,0.02,0,,,,,,,,,,0,,,,,,,,,,,,,,
2017-06-21,2017-07-17,ProBook_AllPg_75kAccSeLaneReg,Atlanta,5,Daily,1.72,0.4,2.5,0.625,1.72,,,1.72,,1.72,,1.72,0,,1,,,1,1,,,,,,1,,
2017-06-21,2017-07-17,ProBook_AllPg_75kAccSeLaneReg,Indianapolis,5,Daily,0.23,0.03,0,,,,,,,,,,0,,,,,,,,,,,,,,
2017-06-21,2017-07-17,ProBook_AllPg_75kAccSeLaneReg,"Miami-Ft. Lauderdale",5,Daily,0.36,0.03,0,,,,,,,,,,0,,,,,,,,,,,,,,
2017-06-21,2017-07-17,ProBook_AllPg_75kAccSeLaneReg,Louisville,5,Daily,0.12,0.02,0,,,,,,,,,,0,,,,,,,,,,,,,,
2017-06-21,2017-07-17,ProBook_AllPg_75kAccSeLaneReg,Tallahassee-Thomasville,5,Daily,0.07,0.04,0,,,,,,,,,,0,,,,,,,,,,,,,,
2017-06-21,2017-07-17,ProBook_AllPg_75kAccSeLaneReg,"Hartford & New Haven",5,Daily,0.05,0,0,,,,,,,,,,0,,,,,,,,,,,,,,
2017-06-21,2017-07-17,ProBook_AllPg_75kAccSeLaneReg,"Orlando-Daytona Bch-Melbrn",5,Daily,0.21,0.06,10,,,,,,,,,,0,,,1,,,,,,,,,,,
2017-06-21,2017-07-17,ProBook_AllPg_75kAccSeLaneReg,"Columbus, OH",5,Daily,0.23,0.08,7.1428571428571,3.5714285714286,0.23,,,0.23,,0.23,,,0,,,,,1,1,,,,,,1,,
2017-06-21,2017-07-17,ProBook_AllPg_75kAccSeLaneReg,"Rochester, NY",5,Daily,0.02,0.01,0,,,,,,,,,,0,,,,,,,,,,,,,,
2017-06-21,2017-07-17,ProBook_AllPg_75kAccSeLaneReg,"Tampa-St. Pete (Sarasota)",5,Daily,0.28,0.04,0,,,,,,,,,,0,,,,,,,,,,,,,,
2017-06-21,2017-07-17,ProBook_AllPg_75kAccSeLaneReg,Lexington,5,Daily,0.06,0,0,,,,,,,,,,0,,,,,,,,,,,,,,
2017-06-21,2017-07-17,ProBook_AllPg_75kAccSeLaneReg,Dayton,5,Daily,0.02,0.01,0,,,,,,,,,,0,,,,,,,,,,,,,,
2017-06-21,2017-07-17,ProBook_AllPg_75kAccSeLaneReg,Springfield-Holyoke,5,Daily,0.04,0,0,,,,,,,,,,0,,,,,,,,,,,,,,
2017-06-21,2017-07-17,ProBook_AllPg_75kAccSeLaneReg,"Norfolk-Portsmth-Newpt Nws",5,Daily,0.33,0.07,0,,,,,,,,,,0,,,,,,,,,,,,,,
2017-06-21,2017-07-17,ProBook_AllPg_75kAccSeLaneReg,"Columbia, SC",5,Daily,0.35,0.09,3.5714285714286,,,,,,,,,,0,,,,,,,,,,,,,,
2017-06-21,2017-07-17,ProBook_AllPg_75kAccSeLaneReg,Toledo,5,Daily,0.02,0.01,0,,,,,,,,,,0,,,,,,,,,,,,,,
2017-06-21,2017-07-17,ProBook_AllPg_75kAccSeLaneReg,"West Palm Beach-Ft. Pierce",5,Daily,0.17,0.03,11.764705882353,5.8823529411765,0.17,,,0.17,,0.17,,,0,,,,,1,1,,,,,,1,,
2017-06-21,2017-07-17,ProBook_AllPg_75kAccSeLaneReg,Wilmington,5,Daily,0.02,0.02,0,,,,,,,,,,0,,,,,,,,,,,,,,
2017-06-21,2017-07-17,ProBook_AllPg_75kAccSeLaneReg,Lansing,5,Daily,0,0,0,,,,,,,,,,0,,,,,,,,,,,,,,
2017-06-21,2017-07-17,ProBook_AllPg_75kAccSeLaneReg,Syracuse,5,Daily,0.02,0,0,,,,,,,,,,0,,,,,,,,,,,,,,
2017-06-21,2017-07-17,ProBook_AllPg_75kAccSeLaneReg,Richmond-Petersburg,5,Daily,0.15,0.05,0,,,,,,,,,,0,,,,,,,,,,,,,,
2017-06-21,2017-07-17,ProBook_AllPg_75kAccSeLaneReg,Knoxville,5,Daily,0.03,0.03,0,,,,,,,,,,0,,,,,,,,,,,,,,
2017-06-21,2017-07-17,ProBook_AllPg_75kAccSeLaneReg,"Raleigh-Durham (Fayetvlle)",5,Daily,1.2,0.2,1.4705882352941,,,,,,,,,,0,,,,1,,,,,,,,,,
2017-06-21,2017-07-17,ProBook_AllPg_75kAccSeLaneReg,Jacksonville,5,Daily,0.11,0.04,0,,,,,,,,,,0,,,,,,,,,,,,,,
2017-06-21,2017-07-17,ProBook_AllPg_75kAccSeLaneReg,"Grand Rapids-Kalmzoo-B.Crk",5,Daily,0.04,0.01,0,,,,,,,,,,0,,,,,,,,,,,,,,
2017-06-21,2017-07-17,ProBook_AllPg_75kAccSeLaneReg,"Ft. Myers-Naples",5,Daily,0.01,0,100,,,,,,,,,,0,,,,,,,,,,,,,,
2017-06-21,2017-07-17,ProBook_AllPg_75kAccSeLaneReg,Chattanooga,5,Daily,0.07,0,0,,,,,,,,,,0,,,,,,,,,,,,,,
2017-06-21,2017-07-17,ProBook_AllPg_75kAccSeLaneReg,"South Bend-Elkhart",5,Daily,0,0,0,,,,,,,,,,0,,,,,,,,,,,,,,
2017-06-21,2017-07-17,ProBook_AllPg_75kAccSeLaneReg,Gainesville,5,Daily,0.03,0,0,,,,,,,,,,0,,,,,,,,,,,,,,
2017-06-21,2017-07-17,ProBook_AllPg_75kAccSeLaneReg,Chicago,5,Daily,0.56,0.05,0,,,,,,,,,,0,,,,,,,,,,,,,,
2017-06-21,2017-07-17,ProBook_AllPg_75kAccSeLaneReg,"Columbia-Jefferson City",5,Daily,0.03,0,0,,,,,,,,,,0,,,,,,,,,,,,,,
2017-06-21,2017-07-17,ProBook_AllPg_75kAccSeLaneReg,"St. Louis",5,Daily,0.16,0.02,0,,,,,,,,,,0,,,,,,,,,,,,,,
2017-06-21,2017-07-17,ProBook_AllPg_75kAccSeLaneReg,Shreveport,5,Daily,0.02,0,0,,,,,,,,,,0,,,,,,,,,,,,,,
2017-06-21,2017-07-17,ProBook_AllPg_75kAccSeLaneReg,"Minneapolis-St. Paul",5,Daily,0.04,0.04,0,,,,,,,,,,0,,,,,,,,,,,,,,
2017-06-21,2017-07-17,ProBook_AllPg_75kAccSeLaneReg,"Kansas City",5,Daily,0.11,0.02,0,,,,,,,,,,0,,,,,,,,,,,,,,
2017-06-21,2017-07-17,ProBook_AllPg_75kAccSeLaneReg,Milwaukee,5,Daily,0.09,0,0,,,,,,,,,,0,,,,,,,,,,,,,,
2017-06-21,2017-07-17,ProBook_AllPg_75kAccSeLaneReg,Houston,5,Daily,1.06,0.2,0,,,,,,,,,,0,,,,,,,,,,,,,,
2017-06-21,2017-07-17,ProBook_AllPg_75kAccSeLaneReg,"New Orleans",5,Daily,0.14,0.04,5,5,0.14,,,0.14,,0.14,,,0,,,,,1,1,,,,,,1,,
2017-06-21,2017-07-17,ProBook_AllPg_75kAccSeLaneReg,"Dallas-Ft. Worth",5,Daily,0.82,0.19,5.4347826086957,1.0869565217391,0.82,,,,,,,0.82,0,,1,1,1,1,,,,,,,,,
2017-06-21,2017-07-17,ProBook_AllPg_75kAccSeLaneReg,Waco-Temple-Bryan,5,Daily,0.09,0.01,0,,,,,,,,,,0,,,,,,,,,,,,,,
2017-06-21,2017-07-17,ProBook_AllPg_75kAccSeLaneReg,"Birmingham (Ann And Tusc)",5,Daily,0.32,0.1,3.2258064516129,,,,,,,,,,0,,,,,,,,,,,,,,
2017-06-21,2017-07-17,ProBook_AllPg_75kAccSeLaneReg,Odessa-Midland,5,Daily,0.02,0.02,0,,,,,,,,,,0,,,,,,,,,,,,,,
2017-06-21,2017-07-17,ProBook_AllPg_75kAccSeLaneReg,Austin,5,Daily,0.12,0.05,13.333333333333,6.6666666666667,0.12,,,0.12,,0.12,,,0,,,,,1,1,,,,,,1,,
2017-06-21,2017-07-17,ProBook_AllPg_75kAccSeLaneReg,Memphis,5,Daily,0.3,0.09,4.5454545454545,,,,,,,,,,0,,,,,,,,,,,,,,
2017-06-21,2017-07-17,ProBook_AllPg_75kAccSeLaneReg,"San Antonio",5,Daily,0.06,0.01,20,20,0.06,,,0.06,,0.03,,,0,,,,,1,1,,,,,,2,,
2017-06-21,2017-07-17,ProBook_AllPg_75kAccSeLaneReg,"Lafayette, LA",5,Daily,0.07,0.04,0,,,,,,,,,,0,,,,,,,,,,,,,,
2017-06-21,2017-07-17,ProBook_AllPg_75kAccSeLaneReg,"Oklahoma City",5,Daily,0.03,0.02,0,,,,,,,,,,0,,,,,,,,,,,,,,
2017-06-21,2017-07-17,ProBook_AllPg_75kAccSeLaneReg,Lubbock,5,Daily,0.01,0,0,,,,,,,,,,0,,,,,,,,,,,,,,
2017-06-21,2017-07-17,ProBook_AllPg_75kAccSeLaneReg,Nashville,5,Daily,0.34,0.09,0,,,,,,,,,,0,,,,,,,,,,,,,,
2017-06-21,2017-07-17,ProBook_AllPg_75kAccSeLaneReg,Madison,5,Daily,0.01,0,0,,,,,,,,,,0,,,,,,,,,,,,,,
2017-06-21,2017-07-17,ProBook_AllPg_75kAccSeLaneReg,Tulsa,5,Daily,0.09,0.02,0,,,,,,,,,,0,,,,,,,,,,,,,,
2017-06-21,2017-07-17,ProBook_AllPg_75kAccSeLaneReg,"Wichita-Hutchinson Plus",5,Daily,0.02,0.01,0,,,,,,,,,,0,,,,,,,,,,,,,,
2017-06-21,2017-07-17,ProBook_AllPg_75kAccSeLaneReg,"Mobile-Pensacola (Ft Walt)",5,Daily,0.05,0,0,,,,,,,,,,0,,,,,,,,,,,,,,
2017-06-21,2017-07-17,ProBook_AllPg_75kAccSeLaneReg,"Huntsville-Decatur (Flor)",5,Daily,0.25,0.02,9.0909090909091,,,,,,,,,,0,,,,,,,,,,,,,,
2017-06-21,2017-07-17,ProBook_AllPg_75kAccSeLaneReg,"Beaumont-Port Arthur",5,Daily,0.05,0.01,0,,,,,,,,,,0,,,,,,,,,,,,,,
2017-06-21,2017-07-17,ProBook_AllPg_75kAccSeLaneReg,"Little Rock-Pine Bluff",5,Daily,0.12,0.02,13.04347826087,8.695652173913,0.06,,,0.04,,0.04,,,0,,,,,2,3,,,,,,3,,
2017-06-21,2017-07-17,ProBook_AllPg_75kAccSeLaneReg,Montgomery-Selma,5,Daily,0.1,0.05,0,,,,,,,,,,0,,,,,,,,,,,,,,
2017-06-21,2017-07-17,ProBook_AllPg_75kAccSeLaneReg,Tyler-Longview(Lfkn&Ncgd),5,Daily,0.01,0,0,,,,,,,,,,0,,,,,,,,,,,,,,
2017-06-21,2017-07-17,ProBook_AllPg_75kAccSeLaneReg,"Baton Rouge",5,Daily,0.15,0.04,5.8823529411765,5.8823529411765,0.15,,,,,0.15,,,0,,,,,1,,,,,,,1,,
2017-06-21,2017-07-17,ProBook_AllPg_75kAccSeLaneReg,"Jackson, MS",5,Daily,0.14,0.04,0,,,,,,,,,,0,,,,,,,,,,,,,,
2017-06-21,2017-07-17,ProBook_AllPg_75kAccSeLaneReg,Honolulu,5,Daily,0.01,0.01,0,,,,,,,,,,0,,,,,,,,,,,,,,
2017-06-21,2017-07-17,ProBook_AllPg_75kAccSeLaneReg,Denver,5,Daily,0.03,0,0,,,,,,,,,,0,,,,,,,,,,,,,,
2017-06-21,2017-07-17,ProBook_AllPg_75kAccSeLaneReg,"Phoenix (Prescott)",5,Daily,0.29,0.04,0,,,,,,,,,,0,,,,,,,,,,,,,,
2017-06-21,2017-07-17,ProBook_AllPg_75kAccSeLaneReg,"El Paso (Las Cruces)",5,Daily,0.04,0.01,0,,,,,,,,,,0,,,,,,,,,,,,,,
2017-06-21,2017-07-17,ProBook_AllPg_75kAccSeLaneReg,"Salt Lake City",5,Daily,0,0,0,,,,,,,,,,0,,,,,,,,,,,,,,
2017-06-21,2017-07-17,ProBook_AllPg_75kAccSeLaneReg,"Los Angeles",5,Daily,0.63,0.11,1.3513513513514,,,,,,,,,,0,,,,,,,,,,,,,,
2017-06-21,2017-07-17,ProBook_AllPg_75kAccSeLaneReg,"San Francisco-Oak-San Jose",5,Daily,0.34,0.06,4,,,,,,,,,,0,,,,,,,,,,,,,,
2017-06-21,2017-07-17,ProBook_AllPg_75kAccSeLaneReg,Reno,5,Daily,0,0,0,,,,,,,,,,0,,,,,,,,,,,,,,
2017-06-21,2017-07-17,ProBook_AllPg_75kAccSeLaneReg,Seattle-Tacoma,5,Daily,0.19,0.05,0,,,,,,,,,,0,,,,,,,,,,,,,,
2017-06-21,2017-07-17,ProBook_AllPg_75kAccSeLaneReg,"Portland, OR",5,Daily,0.07,0.02,0,,,,,,,,,,0,,,,,,,,,,,,,,
2017-06-21,2017-07-17,ProBook_AllPg_75kAccSeLaneReg,"San Diego",5,Daily,0.02,0,0,,,,,,,,,,0,,,,,,,,,,,,,,
2017-06-21,2017-07-17,ProBook_AllPg_75kAccSeLaneReg,"Las Vegas",5,Daily,0.09,0.02,0,,,,,,,,,,0,,,,,,,,,,,,,,
2017-06-21,2017-07-17,ProBook_AllPg_75kAccSeLaneReg,Sacramnto-Stkton-Modesto,5,Daily,0.22,0.02,0,,,,,,,,,,0,,,,,,,,,,,,,,
2017-06-21,2017-07-17,ProBook_AllPg_75kAccSeLaneReg,"Non-DMA Region",5,Daily,-0.02,0,0,,,,,,,,,,0,,,,,,,,,,,,,,
2017-06-21,2017-07-17,ProBook_xPg_SendLane2544hotreg,"New York",7,Daily,4.06,0,0.418410041841,0.2092050209205,4.06,,,,,,,,0,,,,,1,,,,,,,,,
2017-06-21,2017-07-17,ProBook_xPg_SendLane2544hotreg,Macon,7,Daily,1.1,0,1.6949152542373,0.84745762711864,1.1,,,1.1,,1.1,,,0,,,,,1,1,,,,,,1,,
2017-06-21,2017-07-17,ProBook_xPg_SendLane2544hotreg,Philadelphia,7,Daily,1.26,0,1.0989010989011,0.73260073260073,0.63,,,1.26,,0.63,,,0,,,,,2,1,,,,,,2,,
2017-06-21,2017-07-17,ProBook_xPg_SendLane2544hotreg,Detroit,7,Daily,2.47,0,1.0948905109489,0.36496350364964,2.47,,,2.47,,2.47,,,0,,1,,,1,1,,,,,,1,,
2017-06-21,2017-07-17,ProBook_xPg_SendLane2544hotreg,"Boston (Manchester)",7,Daily,1.21,0,0.90909090909091,0.90909090909091,1.21,,,1.21,,1.21,,,0,,,,,1,1,,,,,,1,,
2017-06-21,2017-07-17,ProBook_xPg_SendLane2544hotreg,Savannah,7,Daily,1.13,0,0.88495575221239,0.88495575221239,1.13,,,1.13,,1.13,,,0,,,,,1,1,,,,,,1,,
2017-06-21,2017-07-17,ProBook_xPg_SendLane2544hotreg,Pittsburgh,7,Daily,0.47,0,0,,,,,,,,,,0,,,,,,,,,,,,,,
2017-06-21,2017-07-17,ProBook_xPg_SendLane2544hotreg,"Ft. Wayne",7,Daily,0.23,0,0,,,,,,,,,,0,,,,,,,,,,,,,,
2017-06-21,2017-07-17,ProBook_xPg_SendLane2544hotreg,"Cleveland-Akron (Canton)",7,Daily,1.37,0,1.1299435028249,0.56497175141243,1.37,,,,,,,1.37,0,,,,,1,,,,,,,,,
2017-06-21,2017-07-17,ProBook_xPg_SendLane2544hotreg,"Washington, DC (Hagrstwn)",7,Daily,1.69,0,0.98522167487685,0.98522167487685,0.845,,,1.69,,1.69,,,0,,,,,2,1,,,,,,1,,
2017-06-21,2017-07-17,ProBook_xPg_SendLane2544hotreg,Baltimore,7,Daily,1.75,0,2.1834061135371,1.7467248908297,0.4375,,,,,0.875,,,0,,,,,4,,,,,,,2,,
2017-06-21,2017-07-17,ProBook_xPg_SendLane2544hotreg,"Flint-Saginaw-Bay City",7,Daily,0.11,0,0,,,,,,,,,,0,,,,,,,,,,,,,,
2017-06-21,2017-07-17,ProBook_xPg_SendLane2544hotreg,Buffalo,7,Daily,0.76,0,3.125,1.5625,0.76,,,0.095,,0.76,,,0,,,,,1,8,,,,,,1,,
2017-06-21,2017-07-17,ProBook_xPg_SendLane2544hotreg,Cincinnati,7,Daily,1.8,0,5.2287581699346,3.2679738562092,0.36,,,0.25714285714286,,0.36,,,0,,2,,,5,7,,,,,,5,,
2017-06-21,2017-07-17,ProBook_xPg_SendLane2544hotreg,Erie,7,Daily,0.02,0,0,,,,,,,,,,0,,,,,,,,,,,,,,
2017-06-21,2017-07-17,ProBook_xPg_SendLane2544hotreg,Charlotte,7,Daily,4.57,0,1.3636363636364,0.90909090909091,1.1425,,,1.5233333333333,,1.1425,,,0,,,,,4,3,,,,,,4,,
2017-06-21,2017-07-17,ProBook_xPg_SendLane2544hotreg,Greensboro-H.Point-W.Salem,7,Daily,3.12,0,2.3648648648649,0.33783783783784,3.12,,,3.12,,3.12,,3.12,0,,1,,,1,1,,,,,,1,,
2017-06-21,2017-07-17,ProBook_xPg_SendLane2544hotreg,"Charleston, SC",7,Daily,0.73,0,0,,,,,,,,,,0,,,,,,,,,,,,,,
2017-06-21,2017-07-17,ProBook_xPg_SendLane2544hotreg,Augusta-Aiken,7,Daily,0.62,0,0,,,,,,,,,,0,,,,,,,,,,,,,,
2017-06-21,2017-07-17,ProBook_xPg_SendLane2544hotreg,"Providence-New Bedford",7,Daily,0.22,0,0,,,,,,,,,,0,,,,,,,,,,,,,,
2017-06-21,2017-07-17,ProBook_xPg_SendLane2544hotreg,"Columbus, GA (Opelika, Al)",7,Daily,0.46,0,1.8181818181818,,,,,,,,,,0,,,,,,,,,,,,,,
2017-06-21,2017-07-17,ProBook_xPg_SendLane2544hotreg,Atlanta,7,Daily,10.85,0,0.80500894454383,0.53667262969589,1.8083333333333,,,1.35625,,1.8083333333333,,10.85,0,,,1,,6,8,,,,,,6,,
2017-06-21,2017-07-17,ProBook_xPg_SendLane2544hotreg,Indianapolis,7,Daily,1.77,0,1.8957345971564,0.9478672985782,0.885,,,,,1.77,,,0,,,,,2,,,,,,,1,,
2017-06-21,2017-07-17,ProBook_xPg_SendLane2544hotreg,"Miami-Ft. Lauderdale",7,Daily,1.49,0,1.2931034482759,0.43103448275862,1.49,,,,,1.49,,,0,,,,,1,,,,,,,1,,
2017-06-21,2017-07-17,ProBook_xPg_SendLane2544hotreg,Louisville,7,Daily,0.92,0,0,,,,,,,,,,0,,,,,,,,,,,,,,
2017-06-21,2017-07-17,ProBook_xPg_SendLane2544hotreg,Tallahassee-Thomasville,7,Daily,0.62,0,1.2048192771084,,,,,,,,,,0,,,,,,,,,,,,,,
2017-06-21,2017-07-17,ProBook_xPg_SendLane2544hotreg,Albany-Schenectady-Troy,7,Daily,0.11,0,0,,,,,,,,,,0,,,,,,,,,,,,,,
2017-06-21,2017-07-17,ProBook_xPg_SendLane2544hotreg,"Hartford & New Haven",7,Daily,0.9,0,0,,,,,,,,,,0,,,,,,,,,,,,,,
2017-06-21,2017-07-17,ProBook_xPg_SendLane2544hotreg,"Orlando-Daytona Bch-Melbrn",7,Daily,2.55,0,1.6460905349794,0.82304526748971,1.275,,,1.275,,1.275,,,0,,1,,,2,2,,,,,,2,,
2017-06-21,2017-07-17,ProBook_xPg_SendLane2544hotreg,"Columbus, OH",7,Daily,1.92,0,2.7777777777778,1.6666666666667,0.64,,,0.384,,0.48,,,0,,,,,3,5,,,,,,4,,
2017-06-21,2017-07-17,ProBook_xPg_SendLane2544hotreg,"Rochester, NY",7,Daily,0.23,0,0,,,,,,,,,,0,,,,,,,,,,,,,,
2017-06-21,2017-07-17,ProBook_xPg_SendLane2544hotreg,"Tampa-St. Pete (Sarasota)",7,Daily,1,0,2.4193548387097,0.80645161290323,1,1,,1,,0.5,,,0,,1,,,1,1,,,,,,2,,
2017-06-21,2017-07-17,ProBook_xPg_SendLane2544hotreg,Lexington,7,Daily,0.31,0,0,,,,,,,,,,0,,,,,,,,,,,,,,
2017-06-21,2017-07-17,ProBook_xPg_SendLane2544hotreg,Dayton,7,Daily,1.21,0,1.1111111111111,1.1111111111111,1.21,,,1.21,,1.21,,,0,,,,,1,1,,,,,,1,,
2017-06-21,2017-07-17,ProBook_xPg_SendLane2544hotreg,Springfield-Holyoke,7,Daily,0.03,0,0,,,,,,,,,,0,,,,,,,,,,,,,,
2017-06-21,2017-07-17,ProBook_xPg_SendLane2544hotreg,"Norfolk-Portsmth-Newpt Nws",7,Daily,2.62,0,1.6129032258065,0.32258064516129,2.62,,,2.62,,0.87333333333333,,,0,,1,1,,1,1,,,,,,3,,
2017-06-21,2017-07-17,ProBook_xPg_SendLane2544hotreg,Greenville-N.Bern-Washngtn,7,Daily,0.03,0,0,,,,,,,,,,0,,,,,,,,,,,,,,
2017-06-21,2017-07-17,ProBook_xPg_SendLane2544hotreg,"Columbia, SC",7,Daily,0.95,0,0.58823529411765,0.58823529411765,0.95,,,0.95,,0.95,,,0,,,,,1,1,,,,,,1,,
2017-06-21,2017-07-17,ProBook_xPg_SendLane2544hotreg,Toledo,7,Daily,0.2,0,0,,,,,,,,,,0,,,,,,,,,,,,,,
2017-06-21,2017-07-17,ProBook_xPg_SendLane2544hotreg,"West Palm Beach-Ft. Pierce",7,Daily,0.67,0,1.4925373134328,,,,,,,,,,0,,1,,,,,,,,,,,,
2017-06-21,2017-07-17,ProBook_xPg_SendLane2544hotreg,Wilmington,7,Daily,0.15,0,3.3333333333333,3.3333333333333,0.15,,,,,,,,0,,,,,1,,,,,,,,,
2017-06-21,2017-07-17,ProBook_xPg_SendLane2544hotreg,Lansing,7,Daily,0.3,0,0,,,,,,,,,,0,,,,,,,,,,,,,,
2017-06-21,2017-07-17,ProBook_xPg_SendLane2544hotreg,Syracuse,7,Daily,0.2,0,5,5,0.2,,,0.2,,0.066666666666667,,,0,,,,,1,1,,,,,,3,,
2017-06-21,2017-07-17,ProBook_xPg_SendLane2544hotreg,Richmond-Petersburg,7,Daily,0.7,0,1.0752688172043,1.0752688172043,0.7,,,,,,,,0,,,,,1,,,,,,,,,
2017-06-21,2017-07-17,ProBook_xPg_SendLane2544hotreg,Knoxville,7,Daily,0.3,0,10,5,0.3,,,,,0.3,,,0,,,,,1,,,,,,,1,,
2017-06-21,2017-07-17,ProBook_xPg_SendLane2544hotreg,"Raleigh-Durham (Fayetvlle)",7,Daily,5.5,0,0.93896713615023,0.46948356807512,1.8333333333333,0.12222222222222,0.16666666666667,0.36666666666667,,0.19642857142857,1.8333333333333,,0,,1,,,3,15,,,330,3,33,28,,
2017-06-21,2017-07-17,ProBook_xPg_SendLane2544hotreg,Jacksonville,7,Daily,1.06,0,0.68965517241379,,,,,,,,,,0,,,,,,,,,,,,,,
2017-06-21,2017-07-17,ProBook_xPg_SendLane2544hotreg,"Grand Rapids-Kalmzoo-B.Crk",7,Daily,0.44,0,0,,,,,,,,,,0,,,,,,,,,,,,,,
2017-06-21,2017-07-17,ProBook_xPg_SendLane2544hotreg,Chattanooga,7,Daily,0.59,0,3.5087719298246,1.7543859649123,0.59,,,0.59,,0.59,,,0,,1,,,1,1,,,,,,1,,
2017-06-21,2017-07-17,ProBook_xPg_SendLane2544hotreg,"Wilkes Barre-Scranton-Hztn",7,Daily,0.03,0,0,,,,,,,,,,0,,,,,,,,,,,,,,
2017-06-21,2017-07-17,ProBook_xPg_SendLane2544hotreg,"South Bend-Elkhart",7,Daily,0.14,0,0,,,,,,,,,,0,,,,,,,,,,,,,,
2017-06-21,2017-07-17,ProBook_xPg_SendLane2544hotreg,Gainesville,7,Daily,0.22,0,6.25,3.125,0.22,,,0.22,,0.11,,,0,,,,,1,1,,,,,,2,,
2017-06-21,2017-07-17,ProBook_xPg_SendLane2544hotreg,"Corpus Christi",7,Daily,0.15,0,0,,,,,,,,,,0,,,,,,,,,,,,,,
2017-06-21,2017-07-17,ProBook_xPg_SendLane2544hotreg,Chicago,7,Daily,6.74,0,1.5558698727016,0.56577086280057,1.685,,,1.685,,1.685,,3.37,0,,,,,4,4,,,,,,4,,
2017-06-21,2017-07-17,ProBook_xPg_SendLane2544hotreg,"Columbia-Jefferson City",7,Daily,0.09,0,0,,,,,,,,,,0,,,,,,,,,,,,,,
2017-06-21,2017-07-17,ProBook_xPg_SendLane2544hotreg,Topeka,7,Daily,0.05,0,0,,,,,,,,,,0,,,,,,,,,,,,,,
2017-06-21,2017-07-17,ProBook_xPg_SendLane2544hotreg,"St. Louis",7,Daily,1.9,0,1.2396694214876,0.82644628099174,0.95,,,1.9,,1.9,,,0,,1,,,2,1,,,,,,1,,
2017-06-21,2017-07-17,ProBook_xPg_SendLane2544hotreg,Rockford,7,Daily,0.05,0,0,,,,,,,,,,0,,,,,,,,,,,,,,
2017-06-21,2017-07-17,ProBook_xPg_SendLane2544hotreg,Shreveport,7,Daily,0.71,0,3.030303030303,1.5151515151515,0.71,,,0.71,,0.71,,,0,,,,,1,1,,,,,,1,,
2017-06-21,2017-07-17,ProBook_xPg_SendLane2544hotreg,"Minneapolis-St. Paul",7,Daily,0.43,0,0,,,,,,,,,,0,,,,,,,,,,,,,,
2017-06-21,2017-07-17,ProBook_xPg_SendLane2544hotreg,"Kansas City",7,Daily,0.76,0,1.25,1.25,0.76,,,,,0.76,,,0,,,,,1,,,,,,,1,,
2017-06-21,2017-07-17,ProBook_xPg_SendLane2544hotreg,Milwaukee,7,Daily,0.31,0,1.7857142857143,1.7857142857143,0.31,,,,,0.155,,,0,,,,,1,,,,,,,2,,
2017-06-21,2017-07-17,ProBook_xPg_SendLane2544hotreg,Houston,7,Daily,4.42,0,0.39370078740157,0.19685039370079,4.42,4.42,,,,,,,0,,,,,1,,,,,,,,,
2017-06-21,2017-07-17,ProBook_xPg_SendLane2544hotreg,"Springfield, MO",7,Daily,0,0,0,,,,,,,,,,0,,,,,,,,,,,,,,
2017-06-21,2017-07-17,ProBook_xPg_SendLane2544hotreg,"New Orleans",7,Daily,0.71,0,0.82644628099174,,,,,,,,,,0,,,,,,,,,,,,,,
2017-06-21,2017-07-17,ProBook_xPg_SendLane2544hotreg,"Dallas-Ft. Worth",7,Daily,4.18,0,1.8691588785047,0.5607476635514,1.3933333333333,,,4.18,,2.09,,,0,,3,,,3,1,,,,,,2,,
2017-06-21,2017-07-17,ProBook_xPg_SendLane2544hotreg,Waco-Temple-Bryan,7,Daily,1.11,0,3.7974683544304,3.7974683544304,0.37,,,1.11,,1.11,,,0,,,,,3,1,,,,,,1,,
2017-06-21,2017-07-17,ProBook_xPg_SendLane2544hotreg,"Wichita Falls & Lawton",7,Daily,0.02,0,0,,,,,,,,,,0,,,,,,,,,,,,,,
2017-06-21,2017-07-17,ProBook_xPg_SendLane2544hotreg,"Monroe-El Dorado",7,Daily,0,0,0,,,,,,,,,,0,,,,,,,,,,,,,,
2017-06-21,2017-07-17,ProBook_xPg_SendLane2544hotreg,"Birmingham (Ann And Tusc)",7,Daily,3.31,0,1.5873015873016,0.95238095238095,1.1033333333333,,,1.1033333333333,,1.1033333333333,,3.31,0,,,,1,3,3,,,,,,3,,
2017-06-21,2017-07-17,ProBook_xPg_SendLane2544hotreg,Odessa-Midland,7,Daily,0.07,0,0,,,,,,,,,,0,,,,,,,,,,,,,,
2017-06-21,2017-07-17,ProBook_xPg_SendLane2544hotreg,Amarillo,7,Daily,0.03,0,0,,,,,,,,,,0,,,,,,,,,,,,,,
2017-06-21,2017-07-17,ProBook_xPg_SendLane2544hotreg,Austin,7,Daily,0.9,0,1.0309278350515,,,,,,,,,,0,,,,,,,,,,,,,,
2017-06-21,2017-07-17,ProBook_xPg_SendLane2544hotreg,Harlingen-Wslco-Brnsvl-Mca,7,Daily,0.06,0,0,,,,,,,,,,0,,,,,,,,,,,,,,
2017-06-21,2017-07-17,ProBook_xPg_SendLane2544hotreg,"Cedar Rapids-Wtrlo-Iwc&Dub",7,Daily,0.01,0,0,,,,,,,,,,0,,,,,,,,,,,,,,
2017-06-21,2017-07-17,ProBook_xPg_SendLane2544hotreg,Memphis,7,Daily,1.66,0,0,,,,,,,,,,0,,,,,,,,,,,,,,
2017-06-21,2017-07-17,ProBook_xPg_SendLane2544hotreg,"San Antonio",7,Daily,1.13,0,0,,,,,,,,,,0,,,,,,,,,,,,,,
2017-06-21,2017-07-17,ProBook_xPg_SendLane2544hotreg,"Lafayette, LA",7,Daily,0.66,0,1.1363636363636,,,,,,,,,,0,,,,,,,,,,,,,,
2017-06-21,2017-07-17,ProBook_xPg_SendLane2544hotreg,Champaign&Sprngfld-Decatur,7,Daily,0.03,0,0,,,,,,,,,,0,,,,,,,,,,,,,,
2017-06-21,2017-07-17,ProBook_xPg_SendLane2544hotreg,Evansville,7,Daily,0.02,0,0,,,,,,,,,,0,,,,,,,,,,,,,,
2017-06-21,2017-07-17,ProBook_xPg_SendLane2544hotreg,"Oklahoma City",7,Daily,0.71,0,0,,,,,,,,,,0,,,,,,,,,,,,,,
2017-06-21,2017-07-17,ProBook_xPg_SendLane2544hotreg,Lubbock,7,Daily,0.1,0,0,,,,,,,,,,0,,,,,,,,,,,,,,
2017-06-21,2017-07-17,ProBook_xPg_SendLane2544hotreg,Omaha,7,Daily,0.19,0,0,,,,,,,,,,0,,,,,,,,,,,,,,
2017-06-21,2017-07-17,ProBook_xPg_SendLane2544hotreg,"Green Bay-Appleton",7,Daily,0.02,0,0,,,,,,,,,,0,,,,,,,,,,,,,,
2017-06-21,2017-07-17,ProBook_xPg_SendLane2544hotreg,Nashville,7,Daily,1.75,0,0.49751243781095,,,,,,,,,,0,,1,,,,,,,,,,,,
2017-06-21,2017-07-17,ProBook_xPg_SendLane2544hotreg,"San Angelo",7,Daily,0.06,0,0,,,,,,,,,,0,,,,,,,,,,,,,,
2017-06-21,2017-07-17,ProBook_xPg_SendLane2544hotreg,Abilene-Sweetwater,7,Daily,0,0,0,,,,,,,,,,0,,,,,,,,,,,,,,
2017-06-21,2017-07-17,ProBook_xPg_SendLane2544hotreg,Madison,7,Daily,0.11,0,0,,,,,,,,,,0,,,,,,,,,,,,,,
2017-06-21,2017-07-17,ProBook_xPg_SendLane2544hotreg,Tulsa,7,Daily,0.53,0,0,,,,,,,,,,0,,,,,,,,,,,,,,
2017-06-21,2017-07-17,ProBook_xPg_SendLane2544hotreg,Peoria-Bloomington,7,Daily,0.01,0,0,,,,,,,,,,0,,,,,,,,,,,,,,
2017-06-21,2017-07-17,ProBook_xPg_SendLane2544hotreg,"Wichita-Hutchinson Plus",7,Daily,0.18,0,0,,,,,,,,,,0,,,,,,,,,,,,,,
2017-06-21,2017-07-17,ProBook_xPg_SendLane2544hotreg,"Des Moines-Ames",7,Daily,0.12,0,4.1666666666667,,,,,,,,,,0,,,,,,,,,,,,,,
2017-06-21,2017-07-17,ProBook_xPg_SendLane2544hotreg,Davenport-R.Island-Moline,7,Daily,0,0,0,,,,,,,,,,0,,,,,,,,,,,,,,
2017-06-21,2017-07-17,ProBook_xPg_SendLane2544hotreg,"Mobile-Pensacola (Ft Walt)",7,Daily,0.32,0,0,,,,,,,,,,0,,,,,,,,,,,,,,
2017-06-21,2017-07-17,ProBook_xPg_SendLane2544hotreg,"Huntsville-Decatur (Flor)",7,Daily,0.36,0,0,,,,,,,,,,0,,,,,,,,,,,,,,
2017-06-21,2017-07-17,ProBook_xPg_SendLane2544hotreg,"Beaumont-Port Arthur",7,Daily,0.32,0,3.030303030303,,,,,,,,,,0,,,,,,,,,,,,,,
2017-06-21,2017-07-17,ProBook_xPg_SendLane2544hotreg,"Little Rock-Pine Bluff",7,Daily,1.49,0,4.1958041958042,2.0979020979021,0.49666666666667,,,1.49,,0.49666666666667,,,0,,1,1,,3,1,,,,,,3,,
2017-06-21,2017-07-17,ProBook_xPg_SendLane2544hotreg,Montgomery-Selma,7,Daily,0.41,0,0,,,,,,,,,,0,,,,,,,,,,,,,,
2017-06-21,2017-07-17,ProBook_xPg_SendLane2544hotreg,"Baton Rouge",7,Daily,1.73,0,4.6875,2.0833333333333,0.4325,,,1.73,,0.57666666666667,,,0,,1,,1,4,1,,,,,,3,,
2017-06-21,2017-07-17,ProBook_xPg_SendLane2544hotreg,"Jackson, MS",7,Daily,0.71,0,1.8018018018018,0.9009009009009,0.71,,,,,,,,0,,,,,1,,,,,,,,,
2017-06-21,2017-07-17,ProBook_xPg_SendLane2544hotreg,"Lincoln & Hastings-Krny",7,Daily,0,0,0,,,,,,,,,,0,,,,,,,,,,,,,,
2017-06-21,2017-07-17,ProBook_xPg_SendLane2544hotreg,"Sioux Falls(Mitchell)",7,Daily,0,0,0,,,,,,,,,,0,,,,,,,,,,,,,,
2017-06-21,2017-07-17,ProBook_xPg_SendLane2544hotreg,Anchorage,7,Daily,0.29,0,4.3478260869565,4.3478260869565,0.29,,,0.29,,0.29,,,0,,,,,1,1,,,,,,1,,
2017-06-21,2017-07-17,ProBook_xPg_SendLane2544hotreg,Honolulu,7,Daily,0.43,0,3.030303030303,,,,,0.43,,0.43,,,0,,,,,,1,,,,,,1,,
2017-06-21,2017-07-17,ProBook_xPg_SendLane2544hotreg,Biloxi-Gulfport,7,Daily,0.01,0,0,,,,,,,,,,0,,,,,,,,,,,,,,
2017-06-21,2017-07-17,ProBook_xPg_SendLane2544hotreg,Laredo,7,Daily,0,0,0,,,,,,,,,,0,,,,,,,,,,,,,,
2017-06-21,2017-07-17,ProBook_xPg_SendLane2544hotreg,Denver,7,Daily,0.88,0,2.1052631578947,1.0526315789474,0.88,,,,,0.097777777777778,,0.88,0,,,,,1,,,,,,,9,,
2017-06-21,2017-07-17,ProBook_xPg_SendLane2544hotreg,"Colorado Springs-Pueblo",7,Daily,0.23,0,0,,,,,,,,,,0,,,,,,,,,,,,,,
2017-06-21,2017-07-17,ProBook_xPg_SendLane2544hotreg,"Phoenix (Prescott)",7,Daily,1.12,0,0,,,,,,,,,,0,,,,,,,,,,,,,,
2017-06-21,2017-07-17,ProBook_xPg_SendLane2544hotreg,Billings,7,Daily,0.01,0,0,,,,,,,,,,0,,,,,,,,,,,,,,
2017-06-21,2017-07-17,ProBook_xPg_SendLane2544hotreg,Boise,7,Daily,0.04,0,0,,,,,,,,,,0,,,,,,,,,,,,,,
2017-06-21,2017-07-17,ProBook_xPg_SendLane2544hotreg,"El Paso (Las Cruces)",7,Daily,0.23,0,0,,,,,,,,,,0,,,,,,,,,,,,,,
2017-06-21,2017-07-17,ProBook_xPg_SendLane2544hotreg,"Salt Lake City",7,Daily,0.1,0,0,,,,,,,,,,0,,,,,,,,,,,,,,
2017-06-21,2017-07-17,ProBook_xPg_SendLane2544hotreg,"Tucson (Sierra Vista)",7,Daily,0.28,0,3.2258064516129,3.2258064516129,0.28,,,0.28,,0.28,,,0,,,,,1,1,,,,,,1,,
2017-06-21,2017-07-17,ProBook_xPg_SendLane2544hotreg,"Albuquerque-Santa Fe",7,Daily,0,0,0,,,,,,,,,,0,,,,,,,,,,,,,,
2017-06-21,2017-07-17,ProBook_xPg_SendLane2544hotreg,Bakersfield,7,Daily,0.06,0,0,,,,,,,,,,0,,,,,,,,,,,,,,
2017-06-21,2017-07-17,ProBook_xPg_SendLane2544hotreg,Eugene,7,Daily,0.13,0,0,,,,,,,,,,0,,,,,,,,,,,,,,
2017-06-21,2017-07-17,ProBook_xPg_SendLane2544hotreg,"Los Angeles",7,Daily,2.61,0,1.0362694300518,1.0362694300518,0.6525,,,,,1.305,,,0,,,,,4,,,,,,,2,,
2017-06-21,2017-07-17,ProBook_xPg_SendLane2544hotreg,"San Francisco-Oak-San Jose",7,Daily,1.35,0,0.64516129032258,,,,,,,,,,0,,1,1,,,,,,,,,,,
2017-06-21,2017-07-17,ProBook_xPg_SendLane2544hotreg,Reno,7,Daily,0.12,0,0,,,,,,,,,,0,,,,,,,,,,,,,,
2017-06-21,2017-07-17,ProBook_xPg_SendLane2544hotreg,Seattle-Tacoma,7,Daily,1.05,0,2.6143790849673,1.3071895424837,0.525,,,1.05,,1.05,,,0,,1,,,2,1,,,,,,1,,
2017-06-21,2017-07-17,ProBook_xPg_SendLane2544hotreg,"Portland, OR",7,Daily,0.3,0,0,,,,,,,,,,0,,,,,,,,,,,,,,
2017-06-21,2017-07-17,ProBook_xPg_SendLane2544hotreg,"San Diego",7,Daily,0.97,0,1.219512195122,1.219512195122,0.97,,,0.97,,0.97,,,0,,,,,1,1,,,,,,1,,
2017-06-21,2017-07-17,ProBook_xPg_SendLane2544hotreg,Monterey-Salinas,7,Daily,0.01,0,0,,,,,,,,,,0,,,,,,,,,,,,,,
2017-06-21,2017-07-17,ProBook_xPg_SendLane2544hotreg,"Las Vegas",7,Daily,1.18,0,1.3698630136986,0.68493150684932,1.18,,,,,,,,0,,,,,1,,,,,,,,,
2017-06-21,2017-07-17,ProBook_xPg_SendLane2544hotreg,Sacramnto-Stkton-Modesto,7,Daily,0.53,0,1.6949152542373,0.84745762711864,0.53,,,,,,,,0,,1,,,1,,,,,,,,,
2017-06-21,2017-07-17,ProBook_xPg_SendLane2544hotreg,Fresno-Visalia,7,Daily,0.23,0,0,,,,,,,,,,0,,,,,,,,,,,,,,
2017-06-21,2017-07-17,ProBook_xPg_SendLane2544hotreg,Spokane,7,Daily,0.07,0,0,,,,,,,,,,0,,,,,,,,,,,,,,
2017-06-21,2017-07-17,ProBook_xPg_SendLane2544_DT,"New York",7,Daily,0.11,0,0,,,,,,,,,,0,,,,,,,,,,,,,,
2017-06-21,2017-07-17,ProBook_xPg_SendLane2544_DT,Philadelphia,7,Daily,0.11,0,0,,,,,,,,,,0,,,,,,,,,,,,,,
2017-06-21,2017-07-17,ProBook_xPg_SendLane2544_DT,Detroit,7,Daily,0.33,0,0,,,,,,,,,,0,,,,,,,,,,,,,,
2017-06-21,2017-07-17,ProBook_xPg_SendLane2544_DT,"Boston (Manchester)",7,Daily,0.01,0,0,,,,,,,,,,0,,,,,,,,,,,,,,
2017-06-21,2017-07-17,ProBook_xPg_SendLane2544_DT,"Washington, DC (Hagrstwn)",7,Daily,0.04,0,0,,,,,,,,,,0,,,,,,,,,,,,,,
2017-06-21,2017-07-17,ProBook_xPg_SendLane2544_DT,Baltimore,7,Daily,0.1,0,0,,,,,,,,,,0,,,,,,,,,,,,,,
2017-06-21,2017-07-17,ProBook_xPg_SendLane2544_DT,Cincinnati,7,Daily,0.04,0,0,,,,,,,,,,0,,,,,,,,,,,,,,
2017-06-21,2017-07-17,ProBook_xPg_SendLane2544_DT,Charlotte,7,Daily,0.02,0,0,,,,,,,,,,0,,,,,,,,,,,,,,
2017-06-21,2017-07-17,ProBook_xPg_SendLane2544_DT,Greensboro-H.Point-W.Salem,7,Daily,0.03,0,0,,,,,,,,,,0,,,,,,,,,,,,,,
2017-06-21,2017-07-17,ProBook_xPg_SendLane2544_DT,Augusta-Aiken,7,Daily,0.01,0,0,,,,,,,,,,0,,,,,,,,,,,,,,
2017-06-21,2017-07-17,ProBook_xPg_SendLane2544_DT,"Providence-New Bedford",7,Daily,0.02,0,0,,,,,,,,,,0,,,,,,,,,,,,,,
2017-06-21,2017-07-17,ProBook_xPg_SendLane2544_DT,Atlanta,7,Daily,0.13,0,0,,,,,,,,,,0,,,,,,,,,,,,,,
2017-06-21,2017-07-17,ProBook_xPg_SendLane2544_DT,"Miami-Ft. Lauderdale",7,Daily,0.03,0,0,,,,,,,,,,0,,,,,,,,,,,,,,
2017-06-21,2017-07-17,ProBook_xPg_SendLane2544_DT,"Orlando-Daytona Bch-Melbrn",7,Daily,0.05,0,0,,,,,,,,,,0,,,,,,,,,,,,,,
2017-06-21,2017-07-17,ProBook_xPg_SendLane2544_DT,"Columbus, OH",7,Daily,0.02,0,0,,,,,,,,,,0,,,,,,,,,,,,,,
2017-06-21,2017-07-17,ProBook_xPg_SendLane2544_DT,Dayton,7,Daily,0.01,0,0,,,,,,,,,,0,,,,,,,,,,,,,,
2017-06-21,2017-07-17,ProBook_xPg_SendLane2544_DT,"Norfolk-Portsmth-Newpt Nws",7,Daily,0.01,0,0,,,,,,,,,,0,,,,,,,,,,,,,,
2017-06-21,2017-07-17,ProBook_xPg_SendLane2544_DT,"Columbia, SC",7,Daily,0.03,0,0,,,,,,,,,,0,,,,,,,,,,,,,,
2017-06-21,2017-07-17,ProBook_xPg_SendLane2544_DT,Lansing,7,Daily,0.01,0,0,,,,,,,,,,0,,,,,,,,,,,,,,
2017-06-21,2017-07-17,ProBook_xPg_SendLane2544_DT,"Raleigh-Durham (Fayetvlle)",7,Daily,0.34,0,0,,,,,,,,,,0,,,,,,,,,,,,,,
2017-06-21,2017-07-17,ProBook_xPg_SendLane2544_DT,Jacksonville,7,Daily,0.02,0,0,,,,,,,,,,0,,,,,,,,,,,,,,
2017-06-21,2017-07-17,ProBook_xPg_SendLane2544_DT,Chattanooga,7,Daily,0.04,0,0,,,,,,,,,,0,,,,,,,,,,,,,,
2017-06-21,2017-07-17,ProBook_xPg_SendLane2544_DT,Chicago,7,Daily,0.12,0,0,,,,,,,,,,0,,,,,,,,,,,,,,
2017-06-21,2017-07-17,ProBook_xPg_SendLane2544_DT,"St. Louis",7,Daily,0.02,0,0,,,,,,,,,,0,,,,,,,,,,,,,,
2017-06-21,2017-07-17,ProBook_xPg_SendLane2544_DT,"Kansas City",7,Daily,0.01,0,0,,,,,,,,,,0,,,,,,,,,,,,,,
2017-06-21,2017-07-17,ProBook_xPg_SendLane2544_DT,Milwaukee,7,Daily,0.07,0,0,,,,,,,,,,0,,,,,,,,,,,,,,
2017-06-21,2017-07-17,ProBook_xPg_SendLane2544_DT,Houston,7,Daily,0.05,0,0,,,,,,,,,,0,,,,,,,,,,,,,,
2017-06-21,2017-07-17,ProBook_xPg_SendLane2544_DT,"Dallas-Ft. Worth",7,Daily,0.14,0,0,,,,,,,,,,0,,,,,,,,,,,,,,
2017-06-21,2017-07-17,ProBook_xPg_SendLane2544_DT,"Birmingham (Ann And Tusc)",7,Daily,0.05,0,0,,,,,,,,,,0,,,,,,,,,,,,,,
2017-06-21,2017-07-17,ProBook_xPg_SendLane2544_DT,Austin,7,Daily,0.03,0,0,,,,,,,,,,0,,,,,,,,,,,,,,
2017-06-21,2017-07-17,ProBook_xPg_SendLane2544_DT,Memphis,7,Daily,0.03,0,0,,,,,,,,,,0,,,,,,,,,,,,,,
2017-06-21,2017-07-17,ProBook_xPg_SendLane2544_DT,"Lafayette, LA",7,Daily,0.02,0,0,,,,,,,,,,0,,,,,,,,,,,,,,
2017-06-21,2017-07-17,ProBook_xPg_SendLane2544_DT,Nashville,7,Daily,0.03,0,0,,,,,,,,,,0,,,,,,,,,,,,,,
2017-06-21,2017-07-17,ProBook_xPg_SendLane2544_DT,Tulsa,7,Daily,0.03,0,0,,,,,,,,,,0,,,,,,,,,,,,,,
2017-06-21,2017-07-17,ProBook_xPg_SendLane2544_DT,"Huntsville-Decatur (Flor)",7,Daily,0.01,0,0,,,,,,,,,,0,,,,,,,,,,,,,,
2017-06-21,2017-07-17,ProBook_xPg_SendLane2544_DT,Montgomery-Selma,7,Daily,0.14,0,0,,,,,,,,,,0,,,,,,,,,,,,,,
2017-06-21,2017-07-17,ProBook_xPg_SendLane2544_DT,"Baton Rouge",7,Daily,0.12,0,0,,,,,,,,,,0,,,,,,,,,,,,,,
2017-06-21,2017-07-17,ProBook_xPg_SendLane2544_DT,"Los Angeles",7,Daily,0.01,0,0,,,,,,,,,,0,,,,,,,,,,,,,,
2017-06-21,2017-07-17,ProBook_xPg_SendLane2544_DT,"San Francisco-Oak-San Jose",7,Daily,0.02,0,0,,,,,,,,,,0,,,,,,,,,,,,,,
2017-06-21,2017-07-17,ProBook_xPg_SendLane2544_DT,"Las Vegas",7,Daily,0.02,0,0,,,,,,,,,,0,,,,,,,,,,,,,,
2017-06-21,2017-07-17,ProBook_xPg_SendLane2544_DT,Sacramnto-Stkton-Modesto,7,Daily,0.02,0,0,,,,,,,,,,0,,,,,,,,,,,,,,
2017-06-21,2017-07-17,ProBook_Pg_LkDev75k+_3544,"New York",7,Daily,2.66,0,3.7593984962406,1.5037593984962,1.33,,,,,1.33,,,0,,,,1,2,,,,,,,2,,
2017-06-21,2017-07-17,ProBook_Pg_LkDev75k+_3544,Macon,7,Daily,0.27,0,8.3333333333333,,,,,,,,,,0,,,,,,,,,,,,,,
2017-06-21,2017-07-17,ProBook_Pg_LkDev75k+_3544,Philadelphia,7,Daily,1.44,0,2.247191011236,,,,,,,,,1.44,0,,,,,,,,,,,,,,
2017-06-21,2017-07-17,ProBook_Pg_LkDev75k+_3544,Detroit,7,Daily,1.44,0,0.97087378640777,0.97087378640777,1.44,,,1.44,,1.44,,,0,,,,,1,1,,,,,,1,,
2017-06-21,2017-07-17,ProBook_Pg_LkDev75k+_3544,"Boston (Manchester)",7,Daily,0.41,0,0,,,,,,,,,,0,,,,,,,,,,,,,,
2017-06-21,2017-07-17,ProBook_Pg_LkDev75k+_3544,Savannah,7,Daily,0.29,0,0,,,,,,,,,,0,,,,,,,,,,,,,,
2017-06-21,2017-07-17,ProBook_Pg_LkDev75k+_3544,Pittsburgh,7,Daily,0.24,0,0,,,,,,,,,,0,,,,,,,,,,,,,,
2017-06-21,2017-07-17,ProBook_Pg_LkDev75k+_3544,"Ft. Wayne",7,Daily,0.08,0,0,,,,,,,,,,0,,,,,,,,,,,,,,
2017-06-21,2017-07-17,ProBook_Pg_LkDev75k+_3544,"Cleveland-Akron (Canton)",7,Daily,0.65,0,0,,,,,,,,,,0,,,,,,,,,,,,,,
2017-06-21,2017-07-17,ProBook_Pg_LkDev75k+_3544,"Washington, DC (Hagrstwn)",7,Daily,1.14,0,3.3898305084746,1.6949152542373,1.14,,,0.19,,1.14,,1.14,0,,,,,1,6,,,,,,1,,
2017-06-21,2017-07-17,ProBook_Pg_LkDev75k+_3544,Baltimore,7,Daily,1.37,0,2.7777777777778,1.3888888888889,1.37,,,1.37,,1.37,,,0,,1,,,1,1,,,,,,1,,
2017-06-21,2017-07-17,ProBook_Pg_LkDev75k+_3544,"Flint-Saginaw-Bay City",7,Daily,0.15,0,0,,,,,,,,,,0,,,,,,,,,,,,,,
2017-06-21,2017-07-17,ProBook_Pg_LkDev75k+_3544,Buffalo,7,Daily,0.17,0,0,,,,,,,,,,0,,,,,,,,,,,,,,
2017-06-21,2017-07-17,ProBook_Pg_LkDev75k+_3544,Cincinnati,7,Daily,0.44,0,3.2258064516129,,,,,,,,,,0,,,,,,,,,,,,,,
2017-06-21,2017-07-17,ProBook_Pg_LkDev75k+_3544,Charlotte,7,Daily,1.49,0,2.4096385542169,1.2048192771084,1.49,,,,,0.745,,,0,,,,,1,,,,,,,2,,
2017-06-21,2017-07-17,ProBook_Pg_LkDev75k+_3544,Greensboro-H.Point-W.Salem,7,Daily,0.92,0,3.3898305084746,1.6949152542373,0.92,,,0.92,,0.92,,,0,,,,,1,1,,,,,,1,,
2017-06-21,2017-07-17,ProBook_Pg_LkDev75k+_3544,"Charleston, SC",7,Daily,0.37,0,0,,,,,,,,,,0,,,,,,,,,,,,,,
2017-06-21,2017-07-17,ProBook_Pg_LkDev75k+_3544,Augusta-Aiken,7,Daily,0.72,0,0,,,,,,,,,,0,,,,,,,,,,,,,,
2017-06-21,2017-07-17,ProBook_Pg_LkDev75k+_3544,"Providence-New Bedford",7,Daily,0.15,0,0,,,,,,,,,,0,,,,,,,,,,,,,,
2017-06-21,2017-07-17,ProBook_Pg_LkDev75k+_3544,"Columbus, GA (Opelika, Al)",7,Daily,0.25,0,0,,,,,,,,,,0,,,,,,,,,,,,,,
2017-06-21,2017-07-17,ProBook_Pg_LkDev75k+_3544,Atlanta,7,Daily,5.14,0,2.7303754266212,0.34129692832765,5.14,,,5.14,,5.14,,,0,,2,,2,1,1,,,,,,1,,
2017-06-21,2017-07-17,ProBook_Pg_LkDev75k+_3544,Indianapolis,7,Daily,0.62,0,3.448275862069,,,,,0.62,,0.62,,,0,,,,,,1,,,,,,1,,
2017-06-21,2017-07-17,ProBook_Pg_LkDev75k+_3544,"Miami-Ft. Lauderdale",7,Daily,1.22,0,1.4925373134328,,,,,,,,,,0,,,,,,,,,,,,,,
2017-06-21,2017-07-17,ProBook_Pg_LkDev75k+_3544,Louisville,7,Daily,0.33,0,0,,,,,,,,,,0,,,,,,,,,,,,,,
2017-06-21,2017-07-17,ProBook_Pg_LkDev75k+_3544,Tallahassee-Thomasville,7,Daily,0.13,0,0,,,,,,,,,,0,,,,,,,,,,,,,,
2017-06-21,2017-07-17,ProBook_Pg_LkDev75k+_3544,Albany-Schenectady-Troy,7,Daily,0.03,0,0,,,,,,,,,,0,,,,,,,,,,,,,,
2017-06-21,2017-07-17,ProBook_Pg_LkDev75k+_3544,"Hartford & New Haven",7,Daily,0.35,0,9.0909090909091,4.5454545454545,0.35,,,0.35,,0.35,,,0,,,,,1,1,,,,,,1,,
2017-06-21,2017-07-17,ProBook_Pg_LkDev75k+_3544,"Orlando-Daytona Bch-Melbrn",7,Daily,1.02,0,0,,,,,,,,,,0,,,,,,,,,,,,,,
2017-06-21,2017-07-17,ProBook_Pg_LkDev75k+_3544,"Columbus, OH",7,Daily,0.38,0,0,,,,,,,,,,0,,,,,,,,,,,,,,
2017-06-21,2017-07-17,ProBook_Pg_LkDev75k+_3544,"Rochester, NY",7,Daily,0.05,0,0,,,,,,,,,,0,,,,,,,,,,,,,,
2017-06-21,2017-07-17,ProBook_Pg_LkDev75k+_3544,"Tampa-St. Pete (Sarasota)",7,Daily,0.71,0,10.810810810811,2.7027027027027,0.71,,,0.355,,0.355,,0.71,0,,1,,,1,2,,,,,,2,,
2017-06-21,2017-07-17,ProBook_Pg_LkDev75k+_3544,Lexington,7,Daily,0.18,0,0,,,,,,,,,,0,,,,,,,,,,,,,,
2017-06-21,2017-07-17,ProBook_Pg_LkDev75k+_3544,Dayton,7,Daily,0.17,0,0,,,,,,,,,,0,,,,,,,,,,,,,,
2017-06-21,2017-07-17,ProBook_Pg_LkDev75k+_3544,"Norfolk-Portsmth-Newpt Nws",7,Daily,1.05,0,4.7619047619048,3.1746031746032,0.525,,,1.05,,0.525,,,0,,,,,2,1,,,,,,2,,
2017-06-21,2017-07-17,ProBook_Pg_LkDev75k+_3544,"Columbia, SC",7,Daily,1.04,0,3.0769230769231,1.5384615384615,1.04,,,1.04,,1.04,,,0,,1,,,1,1,,,,,,1,,
2017-06-21,2017-07-17,ProBook_Pg_LkDev75k+_3544,Toledo,7,Daily,0.03,0,0,,,,,,,,,,0,,,,,,,,,,,,,,
2017-06-21,2017-07-17,ProBook_Pg_LkDev75k+_3544,"West Palm Beach-Ft. Pierce",7,Daily,0.4,0,0,,,,,,,,,,0,,,,,,,,,,,,,,
2017-06-21,2017-07-17,ProBook_Pg_LkDev75k+_3544,Wilmington,7,Daily,0.01,0,0,,,,,,,,,,0,,,,,,,,,,,,,,
2017-06-21,2017-07-17,ProBook_Pg_LkDev75k+_3544,Lansing,7,Daily,0.04,0,0,,,,,,,,,,0,,,,,,,,,,,,,,
2017-06-21,2017-07-17,ProBook_Pg_LkDev75k+_3544,Syracuse,7,Daily,0.08,0,0,,,,,,,,,,0,,,,,,,,,,,,,,
2017-06-21,2017-07-17,ProBook_Pg_LkDev75k+_3544,Richmond-Petersburg,7,Daily,0.79,0,11.428571428571,5.7142857142857,0.395,,,0.395,,0.395,,,0,,,,,2,2,,,,,,2,,
2017-06-21,2017-07-17,ProBook_Pg_LkDev75k+_3544,Knoxville,7,Daily,0.09,0,0,,,,,,,,,,0,,,,,,,,,,,,,,
2017-06-21,2017-07-17,ProBook_Pg_LkDev75k+_3544,"Raleigh-Durham (Fayetvlle)",7,Daily,2.11,0,2.4390243902439,0.60975609756098,2.11,,,2.11,,2.11,,,0,,,,,1,1,,,,,,1,,
2017-06-21,2017-07-17,ProBook_Pg_LkDev75k+_3544,Jacksonville,7,Daily,0.67,0,0,,,,,,,,,,0,,,,,,,,,,,,,,
2017-06-21,2017-07-17,ProBook_Pg_LkDev75k+_3544,"Grand Rapids-Kalmzoo-B.Crk",7,Daily,0.11,0,0,,,,,,,,,,0,,,,,,,,,,,,,,
2017-06-21,2017-07-17,ProBook_Pg_LkDev75k+_3544,Chattanooga,7,Daily,0.04,0,0,,,,,,,,,,0,,,,,,,,,,,,,,
2017-06-21,2017-07-17,ProBook_Pg_LkDev75k+_3544,"South Bend-Elkhart",7,Daily,0.06,0,16.666666666667,,,,,,,,,,0,,1,,,,,,,,,,,,
2017-06-21,2017-07-17,ProBook_Pg_LkDev75k+_3544,Gainesville,7,Daily,0.03,0,0,,,,,,,,,,0,,,,,,,,,,,,,,
2017-06-21,2017-07-17,ProBook_Pg_LkDev75k+_3544,"Corpus Christi",7,Daily,0.12,0,0,,,,,,,,,,0,,,,,,,,,,,,,,
2017-06-21,2017-07-17,ProBook_Pg_LkDev75k+_3544,Chicago,7,Daily,2.03,0,0,,,,,,,,,,0,,,,,,,,,,,,,,
2017-06-21,2017-07-17,ProBook_Pg_LkDev75k+_3544,"Columbia-Jefferson City",7,Daily,0,0,0,,,,,,,,,,0,,,,,,,,,,,,,,
2017-06-21,2017-07-17,ProBook_Pg_LkDev75k+_3544,"St. Louis",7,Daily,0.8,0,8.3333333333333,5.5555555555556,0.4,,,0.8,,0.4,,0.8,0,,,,,2,1,,,,,,2,,
2017-06-21,2017-07-17,ProBook_Pg_LkDev75k+_3544,Rockford,7,Daily,0.02,0,0,,,,,,,,,,0,,,,,,,,,,,,,,
2017-06-21,2017-07-17,ProBook_Pg_LkDev75k+_3544,Shreveport,7,Daily,0.23,0,0,,,,,,,,,,0,,,,,,,,,,,,,,
2017-06-21,2017-07-17,ProBook_Pg_LkDev75k+_3544,"Minneapolis-St. Paul",7,Daily,0.16,0,0,,,,,,,,,,0,,,,,,,,,,,,,,
2017-06-21,2017-07-17,ProBook_Pg_LkDev75k+_3544,"Kansas City",7,Daily,0.42,0,0,,,,,,,,,,0,,,,,,,,,,,,,,
2017-06-21,2017-07-17,ProBook_Pg_LkDev75k+_3544,Milwaukee,7,Daily,0.27,0,0,,,,,,,,,,0,,,,,,,,,,,,,,
2017-06-21,2017-07-17,ProBook_Pg_LkDev75k+_3544,Houston,7,Daily,4.07,0,3.9130434782609,1.7391304347826,1.0175,,,,,1.0175,,,0,,1,,,4,,,,,,,4,,
2017-06-21,2017-07-17,ProBook_Pg_LkDev75k+_3544,"New Orleans",7,Daily,0.77,0,0,,,,,,,,,,0,,,,,,,,,,,,,,
2017-06-21,2017-07-17,ProBook_Pg_LkDev75k+_3544,"Dallas-Ft. Worth",7,Daily,3.61,0,1.9230769230769,0.96153846153846,1.805,,,1.805,,1.805,,,0,,,,,2,2,,,,,,2,,
2017-06-21,2017-07-17,ProBook_Pg_LkDev75k+_3544,Waco-Temple-Bryan,7,Daily,0.23,0,0,,,,,,,,,,0,,,,,,,,,,,,,,
2017-06-21,2017-07-17,ProBook_Pg_LkDev75k+_3544,"Birmingham (Ann And Tusc)",7,Daily,0.76,0,6,4,0.38,,,0.38,,0.38,,,0,,,,,2,2,,,,,,2,,
2017-06-21,2017-07-17,ProBook_Pg_LkDev75k+_3544,Austin,7,Daily,0.44,0,0,,,,,,,,,,0,,,,,,,,,,,,,,
2017-06-21,2017-07-17,ProBook_Pg_LkDev75k+_3544,"Cedar Rapids-Wtrlo-Iwc&Dub",7,Daily,0.01,0,0,,,,,,,,,,0,,,,,,,,,,,,,,
2017-06-21,2017-07-17,ProBook_Pg_LkDev75k+_3544,Memphis,7,Daily,1.5,0,6.25,3.125,0.5,,,1.5,,0.5,,,0,,,,1,3,1,,,,,,3,,
2017-06-21,2017-07-17,ProBook_Pg_LkDev75k+_3544,"San Antonio",7,Daily,0.35,0,0,,,,,,,,,,0,,,,,,,,,,,,,,
2017-06-21,2017-07-17,ProBook_Pg_LkDev75k+_3544,"Lafayette, LA",7,Daily,0.18,0,0,,,,,,,,,,0,,,,,,,,,,,,,,
2017-06-21,2017-07-17,ProBook_Pg_LkDev75k+_3544,"Oklahoma City",7,Daily,0.2,0,0,,,,,,,,,,0,,,,,,,,,,,,,,
2017-06-21,2017-07-17,ProBook_Pg_LkDev75k+_3544,Lubbock,7,Daily,0.01,0,0,,,,,,,,,,0,,,,,,,,,,,,,,
2017-06-21,2017-07-17,ProBook_Pg_LkDev75k+_3544,Omaha,7,Daily,0.07,0,0,,,,,,,,,,0,,,,,,,,,,,,,,
2017-06-21,2017-07-17,ProBook_Pg_LkDev75k+_3544,Nashville,7,Daily,0.58,0,0,,,,,,,,,,0,,,,,,,,,,,,,,
2017-06-21,2017-07-17,ProBook_Pg_LkDev75k+_3544,Madison,7,Daily,0.08,0,0,,,,,,,,,,0,,,,,,,,,,,,,,
2017-06-21,2017-07-17,ProBook_Pg_LkDev75k+_3544,Tulsa,7,Daily,0.01,0,0,,,,,,,,,,0,,,,,,,,,,,,,,
2017-06-21,2017-07-17,ProBook_Pg_LkDev75k+_3544,Peoria-Bloomington,7,Daily,0.01,0,0,,,,,,,,,,0,,,,,,,,,,,,,,
2017-06-21,2017-07-17,ProBook_Pg_LkDev75k+_3544,"Wichita-Hutchinson Plus",7,Daily,0.07,0,0,,,,,,,,,,0,,,,,,,,,,,,,,
2017-06-21,2017-07-17,ProBook_Pg_LkDev75k+_3544,Davenport-R.Island-Moline,7,Daily,0.04,0,0,,,,,,,,,,0,,,,,,,,,,,,,,
2017-06-21,2017-07-17,ProBook_Pg_LkDev75k+_3544,"Mobile-Pensacola (Ft Walt)",7,Daily,0.35,0,0,,,,,,,,,,0,,,,,,,,,,,,,,
2017-06-21,2017-07-17,ProBook_Pg_LkDev75k+_3544,"Huntsville-Decatur (Flor)",7,Daily,0.2,0,0,,,,,,,,,,0,,,,,,,,,,,,,,
2017-06-21,2017-07-17,ProBook_Pg_LkDev75k+_3544,"Beaumont-Port Arthur",7,Daily,0.09,0,0,,,,,,,,,,0,,,,,,,,,,,,,,
2017-06-21,2017-07-17,ProBook_Pg_LkDev75k+_3544,"Little Rock-Pine Bluff",7,Daily,0.27,0,0,,,,,,,,,,0,,,,,,,,,,,,,,
2017-06-21,2017-07-17,ProBook_Pg_LkDev75k+_3544,Montgomery-Selma,7,Daily,0.47,0,12.5,,,,,,,,,0.47,0,,2,,,,,,,,,,,,
2017-06-21,2017-07-17,ProBook_Pg_LkDev75k+_3544,Hattiesburg-Laurel,7,Daily,0.04,0,0,,,,,,,,,,0,,,,,,,,,,,,,,
2017-06-21,2017-07-17,ProBook_Pg_LkDev75k+_3544,"Baton Rouge",7,Daily,0.79,0,4.2553191489362,2.1276595744681,0.79,,,0.79,,0.79,,,0,,,,,1,1,,,,,,1,,
2017-06-21,2017-07-17,ProBook_Pg_LkDev75k+_3544,"Jackson, MS",7,Daily,0.77,0,4.3478260869565,2.1739130434783,0.77,,,,,0.77,,0.77,0,,,,,1,,,,,,,1,,
2017-06-21,2017-07-17,ProBook_Pg_LkDev75k+_3544,Honolulu,7,Daily,0.15,0,0,,,,,,,,,,0,,,,,,,,,,,,,,
2017-06-21,2017-07-17,ProBook_Pg_LkDev75k+_3544,Denver,7,Daily,0.07,0,0,,,,,,,,,,0,,,,,,,,,,,,,,
2017-06-21,2017-07-17,ProBook_Pg_LkDev75k+_3544,"Colorado Springs-Pueblo",7,Daily,0.07,0,50,,,,,,,,,0.07,0,,,,,,,,,,,,,,
2017-06-21,2017-07-17,ProBook_Pg_LkDev75k+_3544,"Phoenix (Prescott)",7,Daily,0.92,0,0,,,,,,,,,,0,,,,,,,,,,,,,,
2017-06-21,2017-07-17,ProBook_Pg_LkDev75k+_3544,"El Paso (Las Cruces)",7,Daily,0.08,0,0,,,,,,,,,,0,,,,,,,,,,,,,,
2017-06-21,2017-07-17,ProBook_Pg_LkDev75k+_3544,"Salt Lake City",7,Daily,0.07,0,0,,,,,,,,,,0,,,,,,,,,,,,,,
2017-06-21,2017-07-17,ProBook_Pg_LkDev75k+_3544,"Tucson (Sierra Vista)",7,Daily,0.06,0,0,,,,,,,,,,0,,,,,,,,,,,,,,
2017-06-21,2017-07-17,ProBook_Pg_LkDev75k+_3544,"Albuquerque-Santa Fe",7,Daily,0.03,0,0,,,,,,,,,,0,,,,,,,,,,,,,,
2017-06-21,2017-07-17,ProBook_Pg_LkDev75k+_3544,Bakersfield,7,Daily,0.11,0,0,,,,,,,,,,0,,,,,,,,,,,,,,
2017-06-21,2017-07-17,ProBook_Pg_LkDev75k+_3544,"Los Angeles",7,Daily,2.2,0,3,1,2.2,,,2.2,,2.2,,,0,,,,,1,1,,,,,,1,,
2017-06-21,2017-07-17,ProBook_Pg_LkDev75k+_3544,"San Francisco-Oak-San Jose",7,Daily,0.57,0,0,,,,,,,,,,0,,,,,,,,,,,,,,
2017-06-21,2017-07-17,ProBook_Pg_LkDev75k+_3544,Seattle-Tacoma,7,Daily,0.64,0,9.375,3.125,0.64,,,0.64,,0.64,,,0,,1,,1,1,1,,,,,,1,,
2017-06-21,2017-07-17,ProBook_Pg_LkDev75k+_3544,"Portland, OR",7,Daily,0.07,0,0,,,,,,,,,,0,,,,,,,,,,,,,,
2017-06-21,2017-07-17,ProBook_Pg_LkDev75k+_3544,"San Diego",7,Daily,0.15,0,0,,,,,,,,,,0,,,,,,,,,,,,,,
2017-06-21,2017-07-17,ProBook_Pg_LkDev75k+_3544,Monterey-Salinas,7,Daily,0.01,0,0,,,,,,,,,,0,,,,,,,,,,,,,,
2017-06-21,2017-07-17,ProBook_Pg_LkDev75k+_3544,"Las Vegas",7,Daily,0.26,0,0,,,,,,,,,,0,,,,,,,,,,,,,,
2017-06-21,2017-07-17,ProBook_Pg_LkDev75k+_3544,Sacramnto-Stkton-Modesto,7,Daily,0.32,0,4.7619047619048,4.7619047619048,0.32,,,,,0.32,,,0,,,,,1,,,,,,,1,,
2017-06-21,2017-07-17,ProBook_Pg_LkDev75k+_3544,Fresno-Visalia,7,Daily,0.06,0,0,,,,,,,,,,0,,,,,,,,,,,,,,
2017-06-21,2017-07-17,ProBook_Pg_SeLaneReg,"New York",7,Daily,0.02,0,0,,,,,,,,,,0,,,,,,,,,,,,,,
2017-06-21,2017-07-17,ProBook_Pg_SeLaneReg,Philadelphia,7,Daily,0.03,0,0,,,,,,,,,,0,,,,,,,,,,,,,,
2017-06-21,2017-07-17,ProBook_Pg_SeLaneReg,Detroit,7,Daily,0.02,0,0,,,,,,,,,,0,,,,,,,,,,,,,,
2017-06-21,2017-07-17,ProBook_Pg_SeLaneReg,Baltimore,7,Daily,0.02,0,0,,,,,,,,,,0,,,,,,,,,,,,,,
2017-06-21,2017-07-17,ProBook_Pg_SeLaneReg,Atlanta,7,Daily,0.02,0,0,,,,,,,,,,0,,,,,,,,,,,,,,
2017-06-21,2017-07-17,ProBook_Pg_SeLaneReg,"Miami-Ft. Lauderdale",7,Daily,0.05,0,0,,,,,,,,,,0,,,,,,,,,,,,,,
2017-06-21,2017-07-17,ProBook_Pg_SeLaneReg,Louisville,7,Daily,0.01,0,0,,,,,,,,,,0,,,,,,,,,,,,,,
2017-06-21,2017-07-17,ProBook_Pg_SeLaneReg,"Columbia, SC",7,Daily,0.02,0,0,,,,,,,,,,0,,,,,,,,,,,,,,
2017-06-21,2017-07-17,ProBook_Pg_SeLaneReg,"Raleigh-Durham (Fayetvlle)",7,Daily,0.01,0,0,,,,,,,,,,0,,,,,,,,,,,,,,
2017-06-21,2017-07-17,ProBook_Pg_SeLaneReg,Chattanooga,7,Daily,0.02,0,0,,,,,,,,,,0,,,,,,,,,,,,,,
2017-06-21,2017-07-17,ProBook_Pg_SeLaneReg,Chicago,7,Daily,0.03,0,33.333333333333,,,,,,,0.03,,,0,,,,,,,,,,,,1,,
2017-06-21,2017-07-17,ProBook_Pg_SeLaneReg,"St. Louis",7,Daily,0.01,0,0,,,,,,,,,,0,,,,,,,,,,,,,,
2017-06-21,2017-07-17,ProBook_Pg_SeLaneReg,Milwaukee,7,Daily,0,0,0,,,,,,,,,,0,,,,,,,,,,,,,,
2017-06-21,2017-07-17,ProBook_Pg_SeLaneReg,"New Orleans",7,Daily,0.05,0,0,,,,,,,,,,0,,,,,,,,,,,,,,
2017-06-21,2017-07-17,ProBook_Pg_SeLaneReg,"Dallas-Ft. Worth",7,Daily,0.02,0,0,,,,,,,,,,0,,,,,,,,,,,,,,
2017-06-21,2017-07-17,ProBook_Pg_SeLaneReg,Austin,7,Daily,0.02,0,0,,,,,,,,,,0,,,,,,,,,,,,,,
2017-06-21,2017-07-17,ProBook_Pg_SeLaneReg,Memphis,7,Daily,0.01,0,0,,,,,,,,,,0,,,,,,,,,,,,,,
2017-06-21,2017-07-17,ProBook_Pg_SeLaneReg,Nashville,7,Daily,0,0,0,,,,,,,,,,0,,,,,,,,,,,,,,
2017-06-21,2017-07-17,ProBook_Pg_SeLaneReg,Montgomery-Selma,7,Daily,0.01,0,0,,,,,,,,,,0,,,,,,,,,,,,,,
2017-06-21,2017-07-17,ProBook_Pg_SeLaneReg,"Baton Rouge",7,Daily,0.01,0,0,,,,,,,,,,0,,,,,,,,,,,,,,
2017-06-21,2017-07-17,ProBook_Pg_SeLaneReg,"Jackson, MS",7,Daily,0.01,0,100,,,,,,,,,,0,,,,,,,,,,,,,,
2017-06-21,2017-07-17,ProBook_Pg_SeLaneReg,"Phoenix (Prescott)",7,Daily,0.02,0,0,,,,,,,,,,0,,,,,,,,,,,,,,
2017-06-21,2017-07-17,ProBook_Pg_SeLaneReg,"Los Angeles",7,Daily,0.02,0,0,,,,,,,,,,0,,,,,,,,,,,,,,
2017-06-21,2017-07-17,ProBook_Pg_SeLaneReg,"San Francisco-Oak-San Jose",7,Daily,0.05,0,0,,,,,,,,,,0,,,,,,,,,,,,,,
2017-06-21,2017-07-17,ProBook_Pg_SeLaneReg,"San Diego",7,Daily,0.03,0,0,,,,,,,,,,0,,,,,,,,,,,,,,
2017-06-21,2017-07-17,ProBook_Pg_75kAccSeLaneReg,"New York",7,Daily,5.28,0.05,1.1428571428571,0.28571428571429,5.28,,,5.28,,5.28,,,0,,,,,1,1,,,,,,1,,
2017-06-21,2017-07-17,ProBook_Pg_75kAccSeLaneReg,Macon,7,Daily,0.35,0.01,0,,,,,,,,,,0,,,,,,,,,,,,,,
2017-06-21,2017-07-17,ProBook_Pg_75kAccSeLaneReg,Philadelphia,7,Daily,1.23,0.03,0,,,,,,,,,,0,,,,,,,,,,,,,,
2017-06-21,2017-07-17,ProBook_Pg_75kAccSeLaneReg,Detroit,7,Daily,3.14,0.04,3.6734693877551,0.81632653061224,1.57,,,0.785,,1.57,,3.14,0,,3,,,2,4,,,,,,2,,
2017-06-21,2017-07-17,ProBook_Pg_75kAccSeLaneReg,"Boston (Manchester)",7,Daily,0.7,0,4,,,,,,,,,,0,,,,,,,,,,,,,,
2017-06-21,2017-07-17,ProBook_Pg_75kAccSeLaneReg,Savannah,7,Daily,0.54,0,0,,,,,,,,,,0,,,,,,,,,,,,,,
2017-06-21,2017-07-17,ProBook_Pg_75kAccSeLaneReg,Pittsburgh,7,Daily,0.62,0.02,6.0606060606061,3.030303030303,0.62,,,0.62,,0.62,,,0,,,,,1,1,,,,,,1,,
2017-06-21,2017-07-17,ProBook_Pg_75kAccSeLaneReg,"Ft. Wayne",7,Daily,0.22,0,0,,,,,,,,,,0,,,,,,,,,,,,,,
2017-06-21,2017-07-17,ProBook_Pg_75kAccSeLaneReg,"Cleveland-Akron (Canton)",7,Daily,0.98,0,0,,,,,,,,,,0,,,,,,,,,,,,,,
2017-06-21,2017-07-17,ProBook_Pg_75kAccSeLaneReg,"Washington, DC (Hagrstwn)",7,Daily,1.53,0,1.8518518518519,0.92592592592593,1.53,,,,,1.53,,,0,,1,,,1,,,,,,,1,,
2017-06-21,2017-07-17,ProBook_Pg_75kAccSeLaneReg,Baltimore,7,Daily,2.34,0,2.247191011236,,,,,,,2.34,,,0,,1,,,,,,,,,,1,,
2017-06-21,2017-07-17,ProBook_Pg_75kAccSeLaneReg,"Flint-Saginaw-Bay City",7,Daily,0.05,0,0,,,,,,,,,,0,,,,,,,,,,,,,,
2017-06-21,2017-07-17,ProBook_Pg_75kAccSeLaneReg,Buffalo,7,Daily,0.25,0,5.8823529411765,5.8823529411765,0.25,,,0.25,,0.25,,,0,,,,,1,1,,,,,,1,,
2017-06-21,2017-07-17,ProBook_Pg_75kAccSeLaneReg,Cincinnati,7,Daily,0.64,0,0,,,,,,,,,,0,,,,,,,,,,,,,,
2017-06-21,2017-07-17,ProBook_Pg_75kAccSeLaneReg,Erie,7,Daily,0.01,0.01,0,,,,,,,,,,0,,,,,,,,,,,,,,
2017-06-21,2017-07-17,ProBook_Pg_75kAccSeLaneReg,Charlotte,7,Daily,2.15,0.01,3.1055900621118,0.62111801242236,2.15,,,1.075,,2.15,,,0,,,,1,1,2,,,,,,1,,
2017-06-21,2017-07-17,ProBook_Pg_75kAccSeLaneReg,Greensboro-H.Point-W.Salem,7,Daily,1.22,0.01,1.0416666666667,1.0416666666667,1.22,,,1.22,,0.61,,,0,,,,,1,1,,,,,,2,,
2017-06-21,2017-07-17,ProBook_Pg_75kAccSeLaneReg,"Charleston, SC",7,Daily,0.45,0.03,0,,,,,,,,,,0,,,,,,,,,,,,,,
2017-06-21,2017-07-17,ProBook_Pg_75kAccSeLaneReg,Augusta-Aiken,7,Daily,0.97,0,6.7796610169492,3.3898305084746,0.485,,,0.32333333333333,,0.2425,,,0,,,,,2,3,,,,,,4,,
2017-06-21,2017-07-17,ProBook_Pg_75kAccSeLaneReg,"Providence-New Bedford",7,Daily,0.05,0,0,,,,,,,,,,0,,,,,,,,,,,,,,
2017-06-21,2017-07-17,ProBook_Pg_75kAccSeLaneReg,"Columbus, GA (Opelika, Al)",7,Daily,0.2,0,0,,,,,,,,,,0,,,,,,,,,,,,,,
2017-06-21,2017-07-17,ProBook_Pg_75kAccSeLaneReg,Atlanta,7,Daily,7.22,0,1.7636684303351,0.35273368606702,3.61,,,2.4066666666667,,2.4066666666667,,7.22,0,,,,,2,3,,,,,,3,,
2017-06-21,2017-07-17,ProBook_Pg_75kAccSeLaneReg,Indianapolis,7,Daily,0.98,0,1.4285714285714,,,,,,,,,,0,,,,,,,,,,,,,,
2017-06-21,2017-07-17,ProBook_Pg_75kAccSeLaneReg,"Miami-Ft. Lauderdale",7,Daily,1.26,0,0.97087378640777,,,,,,,,,,0,,,,,,,,,,,,,,
2017-06-21,2017-07-17,ProBook_Pg_75kAccSeLaneReg,Louisville,7,Daily,0.52,0,0,,,,,,,,,,0,,,,,,,,,,,,,,
2017-06-21,2017-07-17,ProBook_Pg_75kAccSeLaneReg,Tallahassee-Thomasville,7,Daily,0.26,0,2.9411764705882,,,,,,,,,,0,,,,,,,,,,,,,,
2017-06-21,2017-07-17,ProBook_Pg_75kAccSeLaneReg,Albany-Schenectady-Troy,7,Daily,0.08,0,0,,,,,,,,,,0,,,,,,,,,,,,,,
2017-06-21,2017-07-17,ProBook_Pg_75kAccSeLaneReg,"Hartford & New Haven",7,Daily,0.63,0,2.8571428571429,2.8571428571429,0.63,,,0.63,,0.315,,,0,,,,,1,1,,,,,,2,,
2017-06-21,2017-07-17,ProBook_Pg_75kAccSeLaneReg,"Orlando-Daytona Bch-Melbrn",7,Daily,0.8,0,0,,,,,,,,,,0,,,,,,,,,,,,,,
2017-06-21,2017-07-17,ProBook_Pg_75kAccSeLaneReg,"Columbus, OH",7,Daily,0.61,0.01,6.6666666666667,1.6666666666667,0.61,,,0.61,,0.305,,,0,,,,,1,1,,,,,,2,,
2017-06-21,2017-07-17,ProBook_Pg_75kAccSeLaneReg,"Rochester, NY",7,Daily,0.37,0,0,,,,,,,,,,0,,,,,,,,,,,,,,
2017-06-21,2017-07-17,ProBook_Pg_75kAccSeLaneReg,"Tampa-St. Pete (Sarasota)",7,Daily,1.41,0.01,4.5454545454545,4.5454545454545,0.3525,,,0.3525,,0.3525,,,0,,,,,4,4,,,,,,4,,
2017-06-21,2017-07-17,ProBook_Pg_75kAccSeLaneReg,Lexington,7,Daily,0.16,0,0,,,,,,,,,,0,,,,,,,,,,,,,,
2017-06-21,2017-07-17,ProBook_Pg_75kAccSeLaneReg,Dayton,7,Daily,0.24,0,0,,,,,,,,,,0,,,,,,,,,,,,,,
2017-06-21,2017-07-17,ProBook_Pg_75kAccSeLaneReg,Springfield-Holyoke,7,Daily,0.02,0,0,,,,,,,,,,0,,,,,,,,,,,,,,
2017-06-21,2017-07-17,ProBook_Pg_75kAccSeLaneReg,"Norfolk-Portsmth-Newpt Nws",7,Daily,1.72,0,1.5151515151515,,,,,1.72,,1.72,,,0,,,,,,1,,,,,,1,,
2017-06-21,2017-07-17,ProBook_Pg_75kAccSeLaneReg,"Columbia, SC",7,Daily,1.42,0.01,1.7857142857143,,,,,1.42,,1.42,,,0,,,,,,1,,,,,,1,,
2017-06-21,2017-07-17,ProBook_Pg_75kAccSeLaneReg,Toledo,7,Daily,0.02,0,0,,,,,,,,,,0,,,,,,,,,,,,,,
2017-06-21,2017-07-17,ProBook_Pg_75kAccSeLaneReg,"West Palm Beach-Ft. Pierce",7,Daily,0.53,0,7.1428571428571,2.3809523809524,0.53,,,,,0.53,,,0,,,,,1,,,,,,,1,,
2017-06-21,2017-07-17,ProBook_Pg_75kAccSeLaneReg,Wilmington,7,Daily,0.09,0,0,,,,,,,,,,0,,,,,,,,,,,,,,
2017-06-21,2017-07-17,ProBook_Pg_75kAccSeLaneReg,Lansing,7,Daily,0.13,0,0,,,,,,,,,,0,,,,,,,,,,,,,,
2017-06-21,2017-07-17,ProBook_Pg_75kAccSeLaneReg,Syracuse,7,Daily,0.05,0,0,,,,,,,,,,0,,,,,,,,,,,,,,
2017-06-21,2017-07-17,ProBook_Pg_75kAccSeLaneReg,Richmond-Petersburg,7,Daily,0.72,0.01,7.5471698113208,3.7735849056604,0.36,,,,,0.72,,,0,,1,,,2,,,,,,,1,,
2017-06-21,2017-07-17,ProBook_Pg_75kAccSeLaneReg,Knoxville,7,Daily,0.05,0,0,,,,,,,,,,0,,,,,,,,,,,,,,
2017-06-21,2017-07-17,ProBook_Pg_75kAccSeLaneReg,"Raleigh-Durham (Fayetvlle)",7,Daily,3.37,0,2.7190332326284,0.60422960725076,1.685,,,3.37,,1.1233333333333,,,0,,2,1,,2,1,,,,,,3,,
2017-06-21,2017-07-17,ProBook_Pg_75kAccSeLaneReg,Jacksonville,7,Daily,1.33,0,4.6728971962617,0.93457943925234,1.33,,,1.33,,1.33,,,0,,1,,,1,1,,,,,,1,,
2017-06-21,2017-07-17,ProBook_Pg_75kAccSeLaneReg,"Grand Rapids-Kalmzoo-B.Crk",7,Daily,0.06,0,0,,,,,,,,,,0,,,,,,,,,,,,,,
2017-06-21,2017-07-17,ProBook_Pg_75kAccSeLaneReg,"Ft. Myers-Naples",7,Daily,0.01,0,0,,,,,,,,,,0,,,,,,,,,,,,,,
2017-06-21,2017-07-17,ProBook_Pg_75kAccSeLaneReg,Chattanooga,7,Daily,0.12,0,0,,,,,,,,,,0,,,,,,,,,,,,,,
2017-06-21,2017-07-17,ProBook_Pg_75kAccSeLaneReg,"South Bend-Elkhart",7,Daily,0.01,0,0,,,,,,,,,,0,,,,,,,,,,,,,,
2017-06-21,2017-07-17,ProBook_Pg_75kAccSeLaneReg,Gainesville,7,Daily,0.02,0.01,0,,,,,,,,,,0,,,,,,,,,,,,,,
2017-06-21,2017-07-17,ProBook_Pg_75kAccSeLaneReg,"Corpus Christi",7,Daily,0.07,0,0,,,,,,,,,,0,,,,,,,,,,,,,,
2017-06-21,2017-07-17,ProBook_Pg_75kAccSeLaneReg,Chicago,7,Daily,3.31,0.02,3.3755274261603,0.84388185654008,1.655,,,1.655,,1.1033333333333,,,0,,,,,2,2,,,,,,3,,
2017-06-21,2017-07-17,ProBook_Pg_75kAccSeLaneReg,Topeka,7,Daily,0.01,0,0,,,,,,,,,,0,,,,,,,,,,,,,,
2017-06-21,2017-07-17,ProBook_Pg_75kAccSeLaneReg,"St. Louis",7,Daily,0.91,0,0,,,,,,,,,,0,,,,,,,,,,,,,,
2017-06-21,2017-07-17,ProBook_Pg_75kAccSeLaneReg,Rockford,7,Daily,0.01,0,0,,,,,,,,,,0,,,,,,,,,,,,,,
2017-06-21,2017-07-17,ProBook_Pg_75kAccSeLaneReg,Shreveport,7,Daily,0.34,0.02,0,,,,,,,,,,0,,,,,,,,,,,,,,
2017-06-21,2017-07-17,ProBook_Pg_75kAccSeLaneReg,"Minneapolis-St. Paul",7,Daily,0.37,0.02,0,,,,,,,,,,0,,,,,,,,,,,,,,
2017-06-21,2017-07-17,ProBook_Pg_75kAccSeLaneReg,"Kansas City",7,Daily,1.07,0.01,6.1538461538462,1.5384615384615,1.07,,,0.2675,,0.535,,,0,,,,,1,4,,,,,,2,,
2017-06-21,2017-07-17,ProBook_Pg_75kAccSeLaneReg,Milwaukee,7,Daily,0.38,0,3.030303030303,3.030303030303,0.38,,,,,0.38,,,0,,,,,1,,,,,,,1,,
2017-06-21,2017-07-17,ProBook_Pg_75kAccSeLaneReg,Houston,7,Daily,4.11,0.04,2.1084337349398,,,,,4.11,,2.055,,,0,,4,,,,1,,,,,,2,,
2017-06-21,2017-07-17,ProBook_Pg_75kAccSeLaneReg,"Springfield, MO",7,Daily,0.04,0,0,,,,,,,,,,0,,,,,,,,,,,,,,
2017-06-21,2017-07-17,ProBook_Pg_75kAccSeLaneReg,"New Orleans",7,Daily,0.82,0,2.5641025641026,1.2820512820513,0.82,,,0.82,,0.41,,,0,,,,,1,1,,,,,,2,,
2017-06-21,2017-07-17,ProBook_Pg_75kAccSeLaneReg,"Dallas-Ft. Worth",7,Daily,4,0.03,3.003003003003,1.8018018018018,0.66666666666667,,,0.8,,0.57142857142857,,,0,,,,,6,5,,,,,,7,,
2017-06-21,2017-07-17,ProBook_Pg_75kAccSeLaneReg,Waco-Temple-Bryan,7,Daily,0.35,0,0,,,,,,,,,,0,,,,,,,,,,,,,,
2017-06-21,2017-07-17,ProBook_Pg_75kAccSeLaneReg,"Wichita Falls & Lawton",7,Daily,0.02,0,0,,,,,,,,,,0,,,,,,,,,,,,,,
2017-06-21,2017-07-17,ProBook_Pg_75kAccSeLaneReg,"Birmingham (Ann And Tusc)",7,Daily,1.16,0.02,1.0752688172043,,,,,,,,,,0,,,,,,,,,,,,,,
2017-06-21,2017-07-17,ProBook_Pg_75kAccSeLaneReg,Odessa-Midland,7,Daily,0.01,0,0,,,,,,,,,,0,,,,,,,,,,,,,,
2017-06-21,2017-07-17,ProBook_Pg_75kAccSeLaneReg,Amarillo,7,Daily,0.03,0,0,,,,,,,,,,0,,,,,,,,,,,,,,
2017-06-21,2017-07-17,ProBook_Pg_75kAccSeLaneReg,Austin,7,Daily,0.37,0.04,0,,,,,,,,,,0,,,,,,,,,,,,,,
2017-06-21,2017-07-17,ProBook_Pg_75kAccSeLaneReg,Harlingen-Wslco-Brnsvl-Mca,7,Daily,0.01,0,0,,,,,,,,,,0,,,,,,,,,,,,,,
2017-06-21,2017-07-17,ProBook_Pg_75kAccSeLaneReg,"Cedar Rapids-Wtrlo-Iwc&Dub",7,Daily,0.07,0,0,,,,,,,,,,0,,,,,,,,,,,,,,
2017-06-21,2017-07-17,ProBook_Pg_75kAccSeLaneReg,Memphis,7,Daily,1.96,0.02,0.60606060606061,,,,,1.96,,0.98,,,0,,,,,,1,,,,,,2,,
2017-06-21,2017-07-17,ProBook_Pg_75kAccSeLaneReg,"San Antonio",7,Daily,0.51,0,0,,,,,,,,,,0,,,,,,,,,,,,,,
2017-06-21,2017-07-17,ProBook_Pg_75kAccSeLaneReg,"Lafayette, LA",7,Daily,0.3,0.02,8.3333333333333,8.3333333333333,0.15,,,0.3,,0.15,,,0,,,,,2,1,,,,,,2,,
2017-06-21,2017-07-17,ProBook_Pg_75kAccSeLaneReg,Champaign&Sprngfld-Decatur,7,Daily,0.01,0,0,,,,,,,,,,0,,,,,,,,,,,,,,
2017-06-21,2017-07-17,ProBook_Pg_75kAccSeLaneReg,"Oklahoma City",7,Daily,0.33,0.04,0,,,,,,,,,,0,,,,,,,,,,,,,,
2017-06-21,2017-07-17,ProBook_Pg_75kAccSeLaneReg,Lubbock,7,Daily,0,0,0,,,,,,,,,,0,,,,,,,,,,,,,,
2017-06-21,2017-07-17,ProBook_Pg_75kAccSeLaneReg,Omaha,7,Daily,0.03,0,0,,,,,,,,,,0,,,,,,,,,,,,,,
2017-06-21,2017-07-17,ProBook_Pg_75kAccSeLaneReg,Nashville,7,Daily,1.03,0,1.1111111111111,1.1111111111111,1.03,,,1.03,,1.03,,,0,,,,,1,1,,,,,,1,,
2017-06-21,2017-07-17,ProBook_Pg_75kAccSeLaneReg,"San Angelo",7,Daily,0.02,0,0,,,,,,,,,,0,,,,,,,,,,,,,,
2017-06-21,2017-07-17,ProBook_Pg_75kAccSeLaneReg,Abilene-Sweetwater,7,Daily,0.05,0,0,,,,,,,,,,0,,,,,,,,,,,,,,
2017-06-21,2017-07-17,ProBook_Pg_75kAccSeLaneReg,Madison,7,Daily,0.03,0,0,,,,,,,,,,0,,,,,,,,,,,,,,
2017-06-21,2017-07-17,ProBook_Pg_75kAccSeLaneReg,Tulsa,7,Daily,0.23,0.02,0,,,,,,,,,,0,,,,,,,,,,,,,,
2017-06-21,2017-07-17,ProBook_Pg_75kAccSeLaneReg,Peoria-Bloomington,7,Daily,0.07,0,0,,,,,,,,,,0,,,,,,,,,,,,,,
2017-06-21,2017-07-17,ProBook_Pg_75kAccSeLaneReg,"Wichita-Hutchinson Plus",7,Daily,0.12,0,0,,,,,,,,,,0,,,,,,,,,,,,,,
2017-06-21,2017-07-17,ProBook_Pg_75kAccSeLaneReg,Davenport-R.Island-Moline,7,Daily,0.03,0,0,,,,,,,,,,0,,,,,,,,,,,,,,
2017-06-21,2017-07-17,ProBook_Pg_75kAccSeLaneReg,"Mobile-Pensacola (Ft Walt)",7,Daily,0.19,0,0,,,,,,,,,,0,,,,,,,,,,,,,,
2017-06-21,2017-07-17,ProBook_Pg_75kAccSeLaneReg,"Huntsville-Decatur (Flor)",7,Daily,0.5,0,0,,,,,,,,,,0,,,,,,,,,,,,,,
2017-06-21,2017-07-17,ProBook_Pg_75kAccSeLaneReg,"Beaumont-Port Arthur",7,Daily,0.17,0,18.181818181818,,,,,0.17,,0.17,,0.17,0,,,,,,1,,,,,,1,,
2017-06-21,2017-07-17,ProBook_Pg_75kAccSeLaneReg,"Little Rock-Pine Bluff",7,Daily,0.62,0.03,4.0816326530612,2.0408163265306,0.62,,,0.62,,0.62,,,0,,,,,1,1,,,,,,1,,
2017-06-21,2017-07-17,ProBook_Pg_75kAccSeLaneReg,Montgomery-Selma,7,Daily,0.55,0,0,,,,,,,,,,0,,,,,,,,,,,,,,
2017-06-21,2017-07-17,ProBook_Pg_75kAccSeLaneReg,"Baton Rouge",7,Daily,0.62,0.02,0,,,,,,,,,,0,,,,,,,,,,,,,,
2017-06-21,2017-07-17,ProBook_Pg_75kAccSeLaneReg,"Jackson, MS",7,Daily,0.89,0,1.1363636363636,,,,,,,,,,0,,1,,,,,,,,,,,,
2017-06-21,2017-07-17,ProBook_Pg_75kAccSeLaneReg,Anchorage,7,Daily,0.06,0,0,,,,,,,,,,0,,,,,,,,,,,,,,
2017-06-21,2017-07-17,ProBook_Pg_75kAccSeLaneReg,Honolulu,7,Daily,0.08,0,0,,,,,,,,,,0,,,,,,,,,,,,,,
2017-06-21,2017-07-17,ProBook_Pg_75kAccSeLaneReg,Denver,7,Daily,0.31,0.01,0,,,,,,,,,,0,,,,,,,,,,,,,,
2017-06-21,2017-07-17,ProBook_Pg_75kAccSeLaneReg,"Colorado Springs-Pueblo",7,Daily,0.03,0,0,,,,,,,,,,0,,,,,,,,,,,,,,
2017-06-21,2017-07-17,ProBook_Pg_75kAccSeLaneReg,"Phoenix (Prescott)",7,Daily,0.77,0,6.1224489795918,2.0408163265306,0.77,,,0.77,,0.77,,,0,,1,,1,1,1,,,,,,1,,
2017-06-21,2017-07-17,ProBook_Pg_75kAccSeLaneReg,Boise,7,Daily,0.04,0,0,,,,,,,,,,0,,,,,,,,,,,,,,
2017-06-21,2017-07-17,ProBook_Pg_75kAccSeLaneReg,"El Paso (Las Cruces)",7,Daily,0.12,0,11.111111111111,11.111111111111,0.12,,,,,,,,0,,,,,1,,,,,,,,,
2017-06-21,2017-07-17,ProBook_Pg_75kAccSeLaneReg,"Salt Lake City",7,Daily,0.12,0,0,,,,,,,,,,0,,,,,,,,,,,,,,
2017-06-21,2017-07-17,ProBook_Pg_75kAccSeLaneReg,"Tucson (Sierra Vista)",7,Daily,0.1,0,0,,,,,,,,,,0,,,,,,,,,,,,,,
2017-06-21,2017-07-17,ProBook_Pg_75kAccSeLaneReg,"Albuquerque-Santa Fe",7,Daily,0.1,0,0,,,,,,,,,,0,,,,,,,,,,,,,,
2017-06-21,2017-07-17,ProBook_Pg_75kAccSeLaneReg,Bakersfield,7,Daily,0.03,0,0,,,,,,,,,,0,,,,,,,,,,,,,,
2017-06-21,2017-07-17,ProBook_Pg_75kAccSeLaneReg,"Los Angeles",7,Daily,3.51,0.03,4.6808510638298,1.7021276595745,0.8775,,,0.8775,,0.702,,,0,,3,,,4,4,,,,,,5,,
2017-06-21,2017-07-17,ProBook_Pg_75kAccSeLaneReg,"San Francisco-Oak-San Jose",7,Daily,0.95,0.04,0,,,,,,,,,,0,,,,,,,,,,,,,,
2017-06-21,2017-07-17,ProBook_Pg_75kAccSeLaneReg,Reno,7,Daily,0.07,0,0,,,,,,,,,,0,,,,,,,,,,,,,,
2017-06-21,2017-07-17,ProBook_Pg_75kAccSeLaneReg,Seattle-Tacoma,7,Daily,0.63,0,3.3333333333333,,,,,0.63,,0.63,,,0,,,,,,1,,,,,,1,,
2017-06-21,2017-07-17,ProBook_Pg_75kAccSeLaneReg,"Portland, OR",7,Daily,0.32,0.02,0,,,,,,,,,,0,,,,,,,,,,,,,,
2017-06-21,2017-07-17,ProBook_Pg_75kAccSeLaneReg,"San Diego",7,Daily,0.37,0,0,,,,,,,,,,0,,,,,,,,,,,,,,
2017-06-21,2017-07-17,ProBook_Pg_75kAccSeLaneReg,Monterey-Salinas,7,Daily,0.02,0,0,,,,,,,,,,0,,,,,,,,,,,,,,
2017-06-21,2017-07-17,ProBook_Pg_75kAccSeLaneReg,"Las Vegas",7,Daily,0.63,0.02,6.0606060606061,,,,,,,,,,0,,,,,,,,,,,,,,
2017-06-21,2017-07-17,ProBook_Pg_75kAccSeLaneReg,Sacramnto-Stkton-Modesto,7,Daily,0.65,0,0,,,,,,,,,,0,,,,,,,,,,,,,,
2017-06-21,2017-07-17,ProBook_Pg_75kAccSeLaneReg,Fresno-Visalia,7,Daily,0.17,0,0,,,,,,,,,,0,,,,,,,,,,,,,,
2017-06-21,2017-07-17,ProBook_Pg_75kSeLaneReg,"New York",7,Daily,0.43,0,0,,,,,,,,,,0,,,,,,,,,,,,,,
2017-06-21,2017-07-17,ProBook_Pg_75kSeLaneReg,Macon,7,Daily,0.01,0,0,,,,,,,,,,0,,,,,,,,,,,,,,
2017-06-21,2017-07-17,ProBook_Pg_75kSeLaneReg,Philadelphia,7,Daily,0.19,0,0,,,,,,,,,,0,,,,,,,,,,,,,,
2017-06-21,2017-07-17,ProBook_Pg_75kSeLaneReg,Detroit,7,Daily,0.2,0,0,,,,,,,,,,0,,,,,,,,,,,,,,
2017-06-21,2017-07-17,ProBook_Pg_75kSeLaneReg,"Boston (Manchester)",7,Daily,0.07,0,0,,,,,,,,,,0,,,,,,,,,,,,,,
2017-06-21,2017-07-17,ProBook_Pg_75kSeLaneReg,Savannah,7,Daily,0.03,0,0,,,,,,,,,,0,,,,,,,,,,,,,,
2017-06-21,2017-07-17,ProBook_Pg_75kSeLaneReg,Pittsburgh,7,Daily,0.06,0,0,,,,,,,,,,0,,,,,,,,,,,,,,
2017-06-21,2017-07-17,ProBook_Pg_75kSeLaneReg,"Ft. Wayne",7,Daily,0,0,0,,,,,,,,,,0,,,,,,,,,,,,,,
2017-06-21,2017-07-17,ProBook_Pg_75kSeLaneReg,"Cleveland-Akron (Canton)",7,Daily,0.27,0,0,,,,,,,,,,0,,,,,,,,,,,,,,
2017-06-21,2017-07-17,ProBook_Pg_75kSeLaneReg,"Washington, DC (Hagrstwn)",7,Daily,0.07,0,0,,,,,,,,,,0,,,,,,,,,,,,,,
2017-06-21,2017-07-17,ProBook_Pg_75kSeLaneReg,Baltimore,7,Daily,0.11,0,0,,,,,,,,,,0,,,,,,,,,,,,,,
2017-06-21,2017-07-17,ProBook_Pg_75kSeLaneReg,Buffalo,7,Daily,0.03,0,0,,,,,,,,,,0,,,,,,,,,,,,,,
2017-06-21,2017-07-17,ProBook_Pg_75kSeLaneReg,Cincinnati,7,Daily,0.02,0,0,,,,,,,,,,0,,,,,,,,,,,,,,
2017-06-21,2017-07-17,ProBook_Pg_75kSeLaneReg,Charlotte,7,Daily,0.21,0,0,,,,,,,,,,0,,,,,,,,,,,,,,
2017-06-21,2017-07-17,ProBook_Pg_75kSeLaneReg,Greensboro-H.Point-W.Salem,7,Daily,0.02,0,0,,,,,,,,,,0,,,,,,,,,,,,,,
2017-06-21,2017-07-17,ProBook_Pg_75kSeLaneReg,"Charleston, SC",7,Daily,0.02,0,0,,,,,,,,,,0,,,,,,,,,,,,,,
2017-06-21,2017-07-17,ProBook_Pg_75kSeLaneReg,Augusta-Aiken,7,Daily,0.01,0,0,,,,,,,,,,0,,,,,,,,,,,,,,
2017-06-21,2017-07-17,ProBook_Pg_75kSeLaneReg,"Columbus, GA (Opelika, Al)",7,Daily,0.02,0,0,,,,,,,,,,0,,,,,,,,,,,,,,
2017-06-21,2017-07-17,ProBook_Pg_75kSeLaneReg,Atlanta,7,Daily,0.72,0,2.3809523809524,2.3809523809524,0.72,,,,,0.72,,,0,,,,,1,,,,,,,1,,
2017-06-21,2017-07-17,ProBook_Pg_75kSeLaneReg,Indianapolis,7,Daily,0.07,0,0,,,,,,,,,,0,,,,,,,,,,,,,,
2017-06-21,2017-07-17,ProBook_Pg_75kSeLaneReg,"Miami-Ft. Lauderdale",7,Daily,0.05,0,0,,,,,,,,,,0,,,,,,,,,,,,,,
2017-06-21,2017-07-17,ProBook_Pg_75kSeLaneReg,Louisville,7,Daily,0.01,0,0,,,,,,,,,,0,,,,,,,,,,,,,,
2017-06-21,2017-07-17,ProBook_Pg_75kSeLaneReg,Tallahassee-Thomasville,7,Daily,0.08,0,0,,,,,,,,,,0,,,,,,,,,,,,,,
2017-06-21,2017-07-17,ProBook_Pg_75kSeLaneReg,"Hartford & New Haven",7,Daily,0.09,0,0,,,,,,,,,,0,,,,,,,,,,,,,,
2017-06-21,2017-07-17,ProBook_Pg_75kSeLaneReg,"Orlando-Daytona Bch-Melbrn",7,Daily,0.02,0,0,,,,,,,,,,0,,,,,,,,,,,,,,
2017-06-21,2017-07-17,ProBook_Pg_75kSeLaneReg,"Columbus, OH",7,Daily,0.07,0,0,,,,,,,,,,0,,,,,,,,,,,,,,
2017-06-21,2017-07-17,ProBook_Pg_75kSeLaneReg,"Rochester, NY",7,Daily,0.03,0,0,,,,,,,,,,0,,,,,,,,,,,,,,
2017-06-21,2017-07-17,ProBook_Pg_75kSeLaneReg,"Tampa-St. Pete (Sarasota)",7,Daily,0.08,0,0,,,,,,,,,,0,,,,,,,,,,,,,,
2017-06-21,2017-07-17,ProBook_Pg_75kSeLaneReg,Lexington,7,Daily,0.02,0,0,,,,,,,,,,0,,,,,,,,,,,,,,
2017-06-21,2017-07-17,ProBook_Pg_75kSeLaneReg,Dayton,7,Daily,0.03,0,0,,,,,,,,,,0,,,,,,,,,,,,,,
2017-06-21,2017-07-17,ProBook_Pg_75kSeLaneReg,"Norfolk-Portsmth-Newpt Nws",7,Daily,0.18,0,0,,,,,,,,,,0,,,,,,,,,,,,,,
2017-06-21,2017-07-17,ProBook_Pg_75kSeLaneReg,"Columbia, SC",7,Daily,0.06,0,0,,,,,,,,,,0,,,,,,,,,,,,,,
2017-06-21,2017-07-17,ProBook_Pg_75kSeLaneReg,"West Palm Beach-Ft. Pierce",7,Daily,0.08,0,0,,,,,,,,,,0,,,,,,,,,,,,,,
2017-06-21,2017-07-17,ProBook_Pg_75kSeLaneReg,Syracuse,7,Daily,0.01,0,0,,,,,,,,,,0,,,,,,,,,,,,,,
2017-06-21,2017-07-17,ProBook_Pg_75kSeLaneReg,Richmond-Petersburg,7,Daily,0.1,0,0,,,,,,,,,,0,,,,,,,,,,,,,,
2017-06-21,2017-07-17,ProBook_Pg_75kSeLaneReg,"Raleigh-Durham (Fayetvlle)",7,Daily,0.37,0,0,,,0.37,,,,0.12333333333333,,,0,,,,,,,,,,,,3,,
2017-06-21,2017-07-17,ProBook_Pg_75kSeLaneReg,Jacksonville,7,Daily,0.13,0,0,,,,,,,,,,0,,,,,,,,,,,,,,
2017-06-21,2017-07-17,ProBook_Pg_75kSeLaneReg,"Grand Rapids-Kalmzoo-B.Crk",7,Daily,0.04,0,40,20,0.04,,,0.04,,0.02,,,0,,,,,1,1,,,,,,2,,
2017-06-21,2017-07-17,ProBook_Pg_75kSeLaneReg,Chattanooga,7,Daily,0.02,0,0,,,,,,,,,,0,,,,,,,,,,,,,,
2017-06-21,2017-07-17,ProBook_Pg_75kSeLaneReg,Chicago,7,Daily,0.14,0,0,,,,,,,,,,0,,,,,,,,,,,,,,
2017-06-21,2017-07-17,ProBook_Pg_75kSeLaneReg,"St. Louis",7,Daily,0,0,0,,,,,,,,,,0,,,,,,,,,,,,,,
2017-06-21,2017-07-17,ProBook_Pg_75kSeLaneReg,Shreveport,7,Daily,0.03,0,0,,,,,,,,,,0,,,,,,,,,,,,,,
2017-06-21,2017-07-17,ProBook_Pg_75kSeLaneReg,"Kansas City",7,Daily,0.03,0,0,,,,,,,,,,0,,,,,,,,,,,,,,
2017-06-21,2017-07-17,ProBook_Pg_75kSeLaneReg,Milwaukee,7,Daily,0.01,0,0,,,,,,,,,,0,,,,,,,,,,,,,,
2017-06-21,2017-07-17,ProBook_Pg_75kSeLaneReg,Houston,7,Daily,0.29,0,5.8823529411765,5.8823529411765,0.29,,,,,0.29,,,0,,,,,1,,,,,,,1,,
2017-06-21,2017-07-17,ProBook_Pg_75kSeLaneReg,"New Orleans",7,Daily,0.02,0,0,,,,,,,,,,0,,,,,,,,,,,,,,
2017-06-21,2017-07-17,ProBook_Pg_75kSeLaneReg,"Dallas-Ft. Worth",7,Daily,0.33,0,4.3478260869565,,,,,,,,,0.33,0,,,,,,,,,,,,,,
2017-06-21,2017-07-17,ProBook_Pg_75kSeLaneReg,Waco-Temple-Bryan,7,Daily,0,0,0,,,,,,,,,,0,,,,,,,,,,,,,,
2017-06-21,2017-07-17,ProBook_Pg_75kSeLaneReg,"Birmingham (Ann And Tusc)",7,Daily,0.03,0,0,,,,,,,,,,0,,,,,,,,,,,,,,
2017-06-21,2017-07-17,ProBook_Pg_75kSeLaneReg,Memphis,7,Daily,0.09,0,0,,,,,,,,,,0,,,,,,,,,,,,,,
2017-06-21,2017-07-17,ProBook_Pg_75kSeLaneReg,"San Antonio",7,Daily,0.06,0,0,,,,,,,,,,0,,,,,,,,,,,,,,
2017-06-21,2017-07-17,ProBook_Pg_75kSeLaneReg,Omaha,7,Daily,0.01,0,0,,,,,,,,,,0,,,,,,,,,,,,,,
2017-06-21,2017-07-17,ProBook_Pg_75kSeLaneReg,Nashville,7,Daily,0.1,0,0,,,,,,,,,,0,,,,,,,,,,,,,,
2017-06-21,2017-07-17,ProBook_Pg_75kSeLaneReg,Abilene-Sweetwater,7,Daily,0.01,0,0,,,,,,,,,,0,,,,,,,,,,,,,,
2017-06-21,2017-07-17,ProBook_Pg_75kSeLaneReg,Madison,7,Daily,0.02,0,0,,,,,,,,,,0,,,,,,,,,,,,,,
2017-06-21,2017-07-17,ProBook_Pg_75kSeLaneReg,"Mobile-Pensacola (Ft Walt)",7,Daily,0.02,0,0,,,,,,,,,,0,,,,,,,,,,,,,,
2017-06-21,2017-07-17,ProBook_Pg_75kSeLaneReg,"Huntsville-Decatur (Flor)",7,Daily,0.02,0,0,,,,,,,,,,0,,,,,,,,,,,,,,
2017-06-21,2017-07-17,ProBook_Pg_75kSeLaneReg,"Beaumont-Port Arthur",7,Daily,0.01,0,0,,,,,,,,,,0,,,,,,,,,,,,,,
2017-06-21,2017-07-17,ProBook_Pg_75kSeLaneReg,"Little Rock-Pine Bluff",7,Daily,0.05,0,0,,,,,,,,,,0,,,,,,,,,,,,,,
2017-06-21,2017-07-17,ProBook_Pg_75kSeLaneReg,Montgomery-Selma,7,Daily,0,0,0,,,,,,,,,,0,,,,,,,,,,,,,,
2017-06-21,2017-07-17,ProBook_Pg_75kSeLaneReg,"Baton Rouge",7,Daily,0.1,0,0,,,,,,,,,,0,,,,,,,,,,,,,,
2017-06-21,2017-07-17,ProBook_Pg_75kSeLaneReg,"Jackson, MS",7,Daily,0.08,0,0,,,,,,,,,,0,,,,,,,,,,,,,,
2017-06-21,2017-07-17,ProBook_Pg_75kSeLaneReg,Honolulu,7,Daily,0.01,0,0,,,,,,,,,,0,,,,,,,,,,,,,,
2017-06-21,2017-07-17,ProBook_Pg_75kSeLaneReg,Denver,7,Daily,0.03,0,0,,,,,,,,,,0,,,,,,,,,,,,,,
2017-06-21,2017-07-17,ProBook_Pg_75kSeLaneReg,"Phoenix (Prescott)",7,Daily,0.03,0,0,,,,,,,,,,0,,,,,,,,,,,,,,
2017-06-21,2017-07-17,ProBook_Pg_75kSeLaneReg,"El Paso (Las Cruces)",7,Daily,0.01,0,0,,,,,,,,,,0,,,,,,,,,,,,,,
2017-06-21,2017-07-17,ProBook_Pg_75kSeLaneReg,"Tucson (Sierra Vista)",7,Daily,0.12,0,0,,,,,,,,,,0,,,,,,,,,,,,,,
2017-06-21,2017-07-17,ProBook_Pg_75kSeLaneReg,"Los Angeles",7,Daily,0.28,0,5.8823529411765,,,,,,,,,,0,,1,,,,,,,,,,,,
2017-06-21,2017-07-17,ProBook_Pg_75kSeLaneReg,"San Francisco-Oak-San Jose",7,Daily,0.25,0,0,,,,,,,,,,0,,,,,,,,,,,,,,
2017-06-21,2017-07-17,ProBook_Pg_75kSeLaneReg,Seattle-Tacoma,7,Daily,0.02,0,0,,,,,,,,,,0,,,,,,,,,,,,,,
2017-06-21,2017-07-17,ProBook_Pg_75kSeLaneReg,"San Diego",7,Daily,0.02,0,0,,,,,,,,,,0,,,,,,,,,,,,,,
2017-06-21,2017-07-17,ProBook_Pg_75kSeLaneReg,"Las Vegas",7,Daily,0.01,0,0,,,,,,,,,,0,,,,,,,,,,,,,,
2017-06-21,2017-07-17,ProBook_Pg_75kSeLaneReg,Sacramnto-Stkton-Modesto,7,Daily,0.09,0,0,,,,,,,,,,0,,,,,,,,,,,,,,
2017-06-21,2017-07-17,ProBook_Pg_LkDev75k+_5562,"New York",7,Daily,1.06,0,9.0909090909091,,,,,,,,,,0,,,,1,,,,,,,,,,
2017-06-21,2017-07-17,ProBook_Pg_LkDev75k+_5562,Macon,7,Daily,0.12,0,0,,,,,,,,,,0,,,,,,,,,,,,,,
2017-06-21,2017-07-17,ProBook_Pg_LkDev75k+_5562,Philadelphia,7,Daily,0.51,0,5.2631578947368,,,,,,,,,,0,,,,,,,,,,,,,,
2017-06-21,2017-07-17,ProBook_Pg_LkDev75k+_5562,Detroit,7,Daily,0.42,0,17.647058823529,5.8823529411765,0.42,,,,,,,,0,,,,1,1,,,,,,,,,
2017-06-21,2017-07-17,ProBook_Pg_LkDev75k+_5562,"Boston (Manchester)",7,Daily,0.07,0,0,,,,,,,,,,0,,,,,,,,,,,,,,
2017-06-21,2017-07-17,ProBook_Pg_LkDev75k+_5562,Savannah,7,Daily,0.04,0,0,,,,,,,,,,0,,,,,,,,,,,,,,
2017-06-21,2017-07-17,ProBook_Pg_LkDev75k+_5562,Pittsburgh,7,Daily,0.18,0,66.666666666667,33.333333333333,0.18,,,0.18,,0.18,,,0,,,,,1,1,,,,,,1,,
2017-06-21,2017-07-17,ProBook_Pg_LkDev75k+_5562,"Cleveland-Akron (Canton)",7,Daily,0.15,0,10,,,,,,,,,,0,,,,,,,,,,,,,,
2017-06-21,2017-07-17,ProBook_Pg_LkDev75k+_5562,"Washington, DC (Hagrstwn)",7,Daily,0.19,0,0,,,,,,,,,,0,,,,,,,,,,,,,,
2017-06-21,2017-07-17,ProBook_Pg_LkDev75k+_5562,Baltimore,7,Daily,0.39,0,0,,,,,,,,,,0,,,,,,,,,,,,,,
2017-06-21,2017-07-17,ProBook_Pg_LkDev75k+_5562,Buffalo,7,Daily,0.04,0,0,,,,,,,,,,0,,,,,,,,,,,,,,
2017-06-21,2017-07-17,ProBook_Pg_LkDev75k+_5562,Cincinnati,7,Daily,0.24,0,14.285714285714,14.285714285714,0.24,,,0.048,,0.24,,,0,,,,,1,5,,,,,,1,,
2017-06-21,2017-07-17,ProBook_Pg_LkDev75k+_5562,Erie,7,Daily,0.03,0,0,,,,,,,,,,0,,,,,,,,,,,,,,
2017-06-21,2017-07-17,ProBook_Pg_LkDev75k+_5562,Charlotte,7,Daily,0.48,0,0,,,,,,,,,,0,,,,,,,,,,,,,,
2017-06-21,2017-07-17,ProBook_Pg_LkDev75k+_5562,Greensboro-H.Point-W.Salem,7,Daily,0.16,0,0,,,,,,,,,,0,,,,,,,,,,,,,,
2017-06-21,2017-07-17,ProBook_Pg_LkDev75k+_5562,"Charleston, SC",7,Daily,0.06,0,0,,,,,,,,,,0,,,,,,,,,,,,,,
2017-06-21,2017-07-17,ProBook_Pg_LkDev75k+_5562,Augusta-Aiken,7,Daily,0.14,0,20,20,0.14,,,,,,,,0,,,,,1,,,,,,,,,
2017-06-21,2017-07-17,ProBook_Pg_LkDev75k+_5562,"Columbus, GA (Opelika, Al)",7,Daily,0.07,0,0,,,,,,,,,,0,,,,,,,,,,,,,,
2017-06-21,2017-07-17,ProBook_Pg_LkDev75k+_5562,Atlanta,7,Daily,0.3,0,0,,,,,,,,,,0,,,,,,,,,,,,,,
2017-06-21,2017-07-17,ProBook_Pg_LkDev75k+_5562,Indianapolis,7,Daily,0.19,0,0,,,,,,,,,,0,,,,,,,,,,,,,,
2017-06-21,2017-07-17,ProBook_Pg_LkDev75k+_5562,"Miami-Ft. Lauderdale",7,Daily,0.41,0,0,,,,,,,,,,0,,,,,,,,,,,,,,
2017-06-21,2017-07-17,ProBook_Pg_LkDev75k+_5562,Louisville,7,Daily,0.08,0,0,,,,,,,,,,0,,,,,,,,,,,,,,
2017-06-21,2017-07-17,ProBook_Pg_LkDev75k+_5562,Tallahassee-Thomasville,7,Daily,0.03,0,0,,,,,,,,,,0,,,,,,,,,,,,,,
2017-06-21,2017-07-17,ProBook_Pg_LkDev75k+_5562,"Orlando-Daytona Bch-Melbrn",7,Daily,0.18,0,0,,,,,,,,,,0,,,,,,,,,,,,,,
2017-06-21,2017-07-17,ProBook_Pg_LkDev75k+_5562,"Columbus, OH",7,Daily,0.07,0,0,,,,,,,,,,0,,,,,,,,,,,,,,
2017-06-21,2017-07-17,ProBook_Pg_LkDev75k+_5562,"Rochester, NY",7,Daily,0.03,0,0,,,,,,,,,,0,,,,,,,,,,,,,,
2017-06-21,2017-07-17,ProBook_Pg_LkDev75k+_5562,"Tampa-St. Pete (Sarasota)",7,Daily,0.03,0,50,50,0.03,,,,,0.03,,,0,,,,,1,,,,,,,1,,
2017-06-21,2017-07-17,ProBook_Pg_LkDev75k+_5562,Lexington,7,Daily,0,0,0,,,,,,,,,,0,,,,,,,,,,,,,,
2017-06-21,2017-07-17,ProBook_Pg_LkDev75k+_5562,Dayton,7,Daily,0.01,0,0,,,,,,,,,,0,,,,,,,,,,,,,,
2017-06-21,2017-07-17,ProBook_Pg_LkDev75k+_5562,"Norfolk-Portsmth-Newpt Nws",7,Daily,0.28,0,0,,,,,,,,,,0,,,,,,,,,,,,,,
2017-06-21,2017-07-17,ProBook_Pg_LkDev75k+_5562,"Columbia, SC",7,Daily,0.15,0,0,,,,,,,,,,0,,,,,,,,,,,,,,
2017-06-21,2017-07-17,ProBook_Pg_LkDev75k+_5562,Toledo,7,Daily,0,0,0,,,,,,,,,,0,,,,,,,,,,,,,,
2017-06-21,2017-07-17,ProBook_Pg_LkDev75k+_5562,"West Palm Beach-Ft. Pierce",7,Daily,0.08,0,0,,,,,,,,,,0,,,,,,,,,,,,,,
2017-06-21,2017-07-17,ProBook_Pg_LkDev75k+_5562,Wilmington,7,Daily,0.03,0,0,,,,,,,,,,0,,,,,,,,,,,,,,
2017-06-21,2017-07-17,ProBook_Pg_LkDev75k+_5562,Richmond-Petersburg,7,Daily,0.22,0,0,,,,,,,,,,0,,,,,,,,,,,,,,
2017-06-21,2017-07-17,ProBook_Pg_LkDev75k+_5562,"Raleigh-Durham (Fayetvlle)",7,Daily,0.58,0,0,,,,,,,,,,0,,,,,,,,,,,,,,
2017-06-21,2017-07-17,ProBook_Pg_LkDev75k+_5562,Jacksonville,7,Daily,0.27,0,0,,,,,,,,,,0,,,,,,,,,,,,,,
2017-06-21,2017-07-17,ProBook_Pg_LkDev75k+_5562,"Grand Rapids-Kalmzoo-B.Crk",7,Daily,0.02,0,0,,,,,,,,,,0,,,,,,,,,,,,,,
2017-06-21,2017-07-17,ProBook_Pg_LkDev75k+_5562,"Myrtle Beach-Florence",7,Daily,0.03,0,0,,,,,,,,,,0,,,,,,,,,,,,,,
2017-06-21,2017-07-17,ProBook_Pg_LkDev75k+_5562,Chicago,7,Daily,0.23,0,0,,,,,,,,,,0,,,,,,,,,,,,,,
2017-06-21,2017-07-17,ProBook_Pg_LkDev75k+_5562,"St. Louis",7,Daily,0.34,0,0,,,,,,,,,,0,,,,,,,,,,,,,,
2017-06-21,2017-07-17,ProBook_Pg_LkDev75k+_5562,Shreveport,7,Daily,0.17,0,0,,,,,,,,,,0,,,,,,,,,,,,,,
2017-06-21,2017-07-17,ProBook_Pg_LkDev75k+_5562,"Minneapolis-St. Paul",7,Daily,0.18,0,0,,,,,,,,,,0,,,,,,,,,,,,,,
2017-06-21,2017-07-17,ProBook_Pg_LkDev75k+_5562,"Kansas City",7,Daily,0.06,0,0,,,,,,,,,,0,,,,,,,,,,,,,,
2017-06-21,2017-07-17,ProBook_Pg_LkDev75k+_5562,Milwaukee,7,Daily,0.07,0,0,,,,,,,,,,0,,,,,,,,,,,,,,
2017-06-21,2017-07-17,ProBook_Pg_LkDev75k+_5562,Houston,7,Daily,0.5,0,7.1428571428571,7.1428571428571,0.5,,,,,0.5,,,0,,,,,1,,,,,,,1,,
2017-06-21,2017-07-17,ProBook_Pg_LkDev75k+_5562,"New Orleans",7,Daily,0.23,0,0,,,,,,,,,,0,,,,,,,,,,,,,,
2017-06-21,2017-07-17,ProBook_Pg_LkDev75k+_5562,"Dallas-Ft. Worth",7,Daily,0.21,0,0,,,,,,,,,,0,,,,,,,,,,,,,,
2017-06-21,2017-07-17,ProBook_Pg_LkDev75k+_5562,Waco-Temple-Bryan,7,Daily,0.11,0,0,,,,,,,,,,0,,,,,,,,,,,,,,
2017-06-21,2017-07-17,ProBook_Pg_LkDev75k+_5562,"Wichita Falls & Lawton",7,Daily,0.05,0,0,,,,,,,,,,0,,,,,,,,,,,,,,
2017-06-21,2017-07-17,ProBook_Pg_LkDev75k+_5562,"Birmingham (Ann And Tusc)",7,Daily,0.1,0,0,,,,,,,,,,0,,,,,,,,,,,,,,
2017-06-21,2017-07-17,ProBook_Pg_LkDev75k+_5562,Austin,7,Daily,0.05,0,0,,,,,,,,,,0,,,,,,,,,,,,,,
2017-06-21,2017-07-17,ProBook_Pg_LkDev75k+_5562,Memphis,7,Daily,0.49,0,0,,,,,,,,,,0,,,,,,,,,,,,,,
2017-06-21,2017-07-17,ProBook_Pg_LkDev75k+_5562,"San Antonio",7,Daily,0.06,0,0,,,,,,,,,,0,,,,,,,,,,,,,,
2017-06-21,2017-07-17,ProBook_Pg_LkDev75k+_5562,"Lafayette, LA",7,Daily,0.02,0,0,,,,,,,,,,0,,,,,,,,,,,,,,
2017-06-21,2017-07-17,ProBook_Pg_LkDev75k+_5562,"Oklahoma City",7,Daily,0.1,0,0,,,,,,,,,,0,,,,,,,,,,,,,,
2017-06-21,2017-07-17,ProBook_Pg_LkDev75k+_5562,Nashville,7,Daily,0.06,0,0,,,,,,,,,,0,,,,,,,,,,,,,,
2017-06-21,2017-07-17,ProBook_Pg_LkDev75k+_5562,Madison,7,Daily,0.02,0,0,,,,,,,,,,0,,,,,,,,,,,,,,
2017-06-21,2017-07-17,ProBook_Pg_LkDev75k+_5562,Tulsa,7,Daily,0.07,0,0,,,,,,,,,,0,,,,,,,,,,,,,,
2017-06-21,2017-07-17,ProBook_Pg_LkDev75k+_5562,"Wichita-Hutchinson Plus",7,Daily,0.02,0,0,,,,,,,,,,0,,,,,,,,,,,,,,
2017-06-21,2017-07-17,ProBook_Pg_LkDev75k+_5562,"Des Moines-Ames",7,Daily,0.03,0,0,,,,,,,,,,0,,,,,,,,,,,,,,
2017-06-21,2017-07-17,ProBook_Pg_LkDev75k+_5562,"Mobile-Pensacola (Ft Walt)",7,Daily,0.16,0,0,,,,,,,,,,0,,,,,,,,,,,,,,
2017-06-21,2017-07-17,ProBook_Pg_LkDev75k+_5562,"Huntsville-Decatur (Flor)",7,Daily,0.04,0,0,,,,,,,,,,0,,,,,,,,,,,,,,
2017-06-21,2017-07-17,ProBook_Pg_LkDev75k+_5562,"Beaumont-Port Arthur",7,Daily,0.01,0,0,,,,,,,,,,0,,,,,,,,,,,,,,
2017-06-21,2017-07-17,ProBook_Pg_LkDev75k+_5562,"Little Rock-Pine Bluff",7,Daily,0.19,0,0,,,,,,,,,,0,,,,,,,,,,,,,,
2017-06-21,2017-07-17,ProBook_Pg_LkDev75k+_5562,Montgomery-Selma,7,Daily,0.04,0,0,,,,,,,,,,0,,,,,,,,,,,,,,
2017-06-21,2017-07-17,ProBook_Pg_LkDev75k+_5562,"Baton Rouge",7,Daily,0.29,0,0,,,,,,,,,,0,,,,,,,,,,,,,,
2017-06-21,2017-07-17,ProBook_Pg_LkDev75k+_5562,"Jackson, MS",7,Daily,0.02,0,0,,,,,,,,,,0,,,,,,,,,,,,,,
2017-06-21,2017-07-17,ProBook_Pg_LkDev75k+_5562,"Lincoln & Hastings-Krny",7,Daily,0.04,0,0,,,,,,,,,,0,,,,,,,,,,,,,,
2017-06-21,2017-07-17,ProBook_Pg_LkDev75k+_5562,"Colorado Springs-Pueblo",7,Daily,0.04,0,0,,,,,,,,,,0,,,,,,,,,,,,,,
2017-06-21,2017-07-17,ProBook_Pg_LkDev75k+_5562,"Phoenix (Prescott)",7,Daily,0.27,0,25,25,0.27,,,,,,,,0,,,,,1,,,,,,,,,
2017-06-21,2017-07-17,ProBook_Pg_LkDev75k+_5562,Bakersfield,7,Daily,0.01,0,0,,,,,,,,,,0,,,,,,,,,,,,,,
2017-06-21,2017-07-17,ProBook_Pg_LkDev75k+_5562,"Los Angeles",7,Daily,0.33,0,14.285714285714,,,,,,,,,,0,,,,,,,,,,,,,,
2017-06-21,2017-07-17,ProBook_Pg_LkDev75k+_5562,"San Francisco-Oak-San Jose",7,Daily,0.16,0,0,,,,,,,,,,0,,,,,,,,,,,,,,
2017-06-21,2017-07-17,ProBook_Pg_LkDev75k+_5562,Seattle-Tacoma,7,Daily,0.11,0,0,,,,,,,,,,0,,,,,,,,,,,,,,
2017-06-21,2017-07-17,ProBook_Pg_LkDev75k+_5562,"Portland, OR",7,Daily,0.04,0,0,,,,,,,,,,0,,,,,,,,,,,,,,
2017-06-21,2017-07-17,ProBook_Pg_LkDev75k+_5562,"San Diego",7,Daily,0.19,0,22.222222222222,11.111111111111,0.19,,,,,0.19,,,0,,,,,1,,,,,,,1,,
2017-06-21,2017-07-17,ProBook_Pg_LkDev75k+_5562,"Las Vegas",7,Daily,0.12,0,0,,,,,,,,,,0,,,,,,,,,,,,,,
2017-06-21,2017-07-17,ProBook_Pg_LkDev75k+_5562,Sacramnto-Stkton-Modesto,7,Daily,0.19,0,14.285714285714,,,,,,,,,,0,,,,,,,,,,,,,,
2017-06-21,2017-07-17,ProBook_Pg_LkDev75k+_5562,Fresno-Visalia,7,Daily,0.03,0,0,,,,,,,,,,0,,,,,,,,,,,,,,
2017-06-21,2017-07-17,ProBook_SendLaneB2544hotreg,Macon,7,Daily,0.07,0,0,,,,,,,,,,0,,,,,,,,,,,,,,
2017-06-21,2017-07-17,ProBook_SendLaneB2544hotreg,"Boston (Manchester)",7,Daily,0.15,0,0,,,,,,,,,,0,,,,,,,,,,,,,,
2017-06-21,2017-07-17,ProBook_SendLaneB2544hotreg,Savannah,7,Daily,0.1,0,0,,,,,,,,,,0,,,,,,,,,,,,,,
2017-06-21,2017-07-17,ProBook_SendLaneB2544hotreg,Pittsburgh,7,Daily,0.09,0,0,,,,,,,,,,0,,,,,,,,,,,,,,
2017-06-21,2017-07-17,ProBook_SendLaneB2544hotreg,"Ft. Wayne",7,Daily,0.02,0,0,,,,,,,,,,0,,,,,,,,,,,,,,
2017-06-21,2017-07-17,ProBook_SendLaneB2544hotreg,"Cleveland-Akron (Canton)",7,Daily,0.29,0,0,,,,,,,,,,0,,,,,,,,,,,,,,
2017-06-21,2017-07-17,ProBook_SendLaneB2544hotreg,"Flint-Saginaw-Bay City",7,Daily,0.02,0,0,,,,,,,,,,0,,,,,,,,,,,,,,
2017-06-21,2017-07-17,ProBook_SendLaneB2544hotreg,Buffalo,7,Daily,0.04,0,0,,,,,,,,,,0,,,,,,,,,,,,,,
2017-06-21,2017-07-17,ProBook_SendLaneB2544hotreg,Cincinnati,7,Daily,0.14,0,5,5,0.14,,,0.14,,0.14,,,0,,,,,1,1,,,,,,1,,
2017-06-21,2017-07-17,ProBook_SendLaneB2544hotreg,Charlotte,7,Daily,0.56,0,0,,,,,,,,,,0,,,,,,,,,,,,,,
2017-06-21,2017-07-17,ProBook_SendLaneB2544hotreg,Greensboro-H.Point-W.Salem,7,Daily,0.49,0,0,,,,,,,,,,0,,,,,,,,,,,,,,
2017-06-21,2017-07-17,ProBook_SendLaneB2544hotreg,"Charleston, SC",7,Daily,0.1,0,0,,,,,,,,,,0,,,,,,,,,,,,,,
2017-06-21,2017-07-17,ProBook_SendLaneB2544hotreg,"Providence-New Bedford",7,Daily,0,0,0,,,,,,,,,,0,,,,,,,,,,,,,,
2017-06-21,2017-07-17,ProBook_SendLaneB2544hotreg,"Columbus, GA (Opelika, Al)",7,Daily,0.03,0,0,,,,,,,,,,0,,,,,,,,,,,,,,
2017-06-21,2017-07-17,ProBook_SendLaneB2544hotreg,Indianapolis,7,Daily,0.27,0,0,,,,,,,,,,0,,,,,,,,,,,,,,
2017-06-21,2017-07-17,ProBook_SendLaneB2544hotreg,Louisville,7,Daily,0.08,0,0,,,,,,,,,,0,,,,,,,,,,,,,,
2017-06-21,2017-07-17,ProBook_SendLaneB2544hotreg,Tallahassee-Thomasville,7,Daily,0.12,0,0,,,,,,,,,,0,,,,,,,,,,,,,,
2017-06-21,2017-07-17,ProBook_SendLaneB2544hotreg,"Hartford & New Haven",7,Daily,0.06,0,0,,,,,,,,,,0,,,,,,,,,,,,,,
2017-06-21,2017-07-17,ProBook_SendLaneB2544hotreg,"Orlando-Daytona Bch-Melbrn",7,Daily,0.21,0,11.764705882353,5.8823529411765,0.21,,,0.21,,0.21,,,0,,,,,1,1,,,,,,1,,
2017-06-21,2017-07-17,ProBook_SendLaneB2544hotreg,"Columbus, OH",7,Daily,0.25,0,0,,,,,,,,,,0,,,,,,,,,,,,,,
2017-06-21,2017-07-17,ProBook_SendLaneB2544hotreg,"Rochester, NY",7,Daily,0.05,0,0,,,,,,,,,,0,,,,,,,,,,,,,,
2017-06-21,2017-07-17,ProBook_SendLaneB2544hotreg,Lexington,7,Daily,0.06,0,0,,,,,,,,,,0,,,,,,,,,,,,,,
2017-06-21,2017-07-17,ProBook_SendLaneB2544hotreg,Dayton,7,Daily,0.08,0,0,,,,,,,,,,0,,,,,,,,,,,,,,
2017-06-21,2017-07-17,ProBook_SendLaneB2544hotreg,Springfield-Holyoke,7,Daily,0.01,0,0,,,,,,,,,,0,,,,,,,,,,,,,,
2017-06-21,2017-07-17,ProBook_SendLaneB2544hotreg,Toledo,7,Daily,0.12,0,0,,,,,,,,,,0,,,,,,,,,,,,,,
2017-06-21,2017-07-17,ProBook_SendLaneB2544hotreg,Wilmington,7,Daily,0.02,0,0,,,,,,,,,,0,,,,,,,,,,,,,,
2017-06-21,2017-07-17,ProBook_SendLaneB2544hotreg,Lansing,7,Daily,0.02,0,0,,,,,,,,,,0,,,,,,,,,,,,,,
2017-06-21,2017-07-17,ProBook_SendLaneB2544hotreg,Syracuse,7,Daily,0.03,0,0,,,,,,,,,,0,,,,,,,,,,,,,,
2017-06-21,2017-07-17,ProBook_SendLaneB2544hotreg,Knoxville,7,Daily,0.01,0,0,,,,,,,,,,0,,,,,,,,,,,,,,
2017-06-21,2017-07-17,ProBook_SendLaneB2544hotreg,"Grand Rapids-Kalmzoo-B.Crk",7,Daily,0.16,0,0,,,,,,,,,,0,,,,,,,,,,,,,,
2017-06-21,2017-07-17,ProBook_SendLaneB2544hotreg,Chattanooga,7,Daily,0.03,0,0,,,,,,,,,,0,,,,,,,,,,,,,,
2017-06-21,2017-07-17,ProBook_SendLaneB2544hotreg,"South Bend-Elkhart",7,Daily,0.01,0,0,,,,,,,,,,0,,,,,,,,,,,,,,
2017-06-21,2017-07-17,ProBook_SendLaneB2544hotreg,Gainesville,7,Daily,0.05,0,0,,,,,,,,,,0,,,,,,,,,,,,,,
2017-06-21,2017-07-17,ProBook_SendLaneB2544hotreg,Chicago,7,Daily,0.56,0,2.9850746268657,,,,,,,,,,0,,1,,,,,,,,,,,,
2017-06-21,2017-07-17,ProBook_SendLaneB2544hotreg,"Columbia-Jefferson City",7,Daily,0.01,0,0,,,,,,,,,,0,,,,,,,,,,,,,,
2017-06-21,2017-07-17,ProBook_SendLaneB2544hotreg,Topeka,7,Daily,0.01,0,0,,,,,,,,,,0,,,,,,,,,,,,,,
2017-06-21,2017-07-17,ProBook_SendLaneB2544hotreg,Dothan,7,Daily,0.01,0,0,,,,,,,,,,0,,,,,,,,,,,,,,
2017-06-21,2017-07-17,ProBook_SendLaneB2544hotreg,"St. Louis",7,Daily,0.16,0,4.7619047619048,,,,,,,,,,0,,1,,,,,,,,,,,,
2017-06-21,2017-07-17,ProBook_SendLaneB2544hotreg,Rockford,7,Daily,0.03,0,0,,,,,,,,,,0,,,,,,,,,,,,,,
2017-06-21,2017-07-17,ProBook_SendLaneB2544hotreg,Shreveport,7,Daily,0.11,0,0,,,,,,,,,,0,,,,,,,,,,,,,,
2017-06-21,2017-07-17,ProBook_SendLaneB2544hotreg,"Minneapolis-St. Paul",7,Daily,0.1,0,0,,,,,,,,,,0,,,,,,,,,,,,,,
2017-06-21,2017-07-17,ProBook_SendLaneB2544hotreg,Waco-Temple-Bryan,7,Daily,0.11,0,0,,,,,,,,,,0,,,,,,,,,,,,,,
2017-06-21,2017-07-17,ProBook_SendLaneB2544hotreg,"Birmingham (Ann And Tusc)",7,Daily,0.46,0,5.5555555555556,2.7777777777778,0.46,,,0.46,,0.46,,,0,,,,,1,1,,,,,,1,,
2017-06-21,2017-07-17,ProBook_SendLaneB2544hotreg,Austin,7,Daily,0.03,0,0,,,,,,,,,,0,,,,,,,,,,,,,,
2017-06-21,2017-07-17,ProBook_SendLaneB2544hotreg,"San Antonio",7,Daily,0.26,0,0,,,,,,,,,,0,,,,,,,,,,,,,,
2017-06-21,2017-07-17,ProBook_SendLaneB2544hotreg,"Lafayette, LA",7,Daily,0.06,0,0,,,,,,,,,,0,,,,,,,,,,,,,,
2017-06-21,2017-07-17,ProBook_SendLaneB2544hotreg,Champaign&Sprngfld-Decatur,7,Daily,0.01,0,0,,,,,,,,,,0,,,,,,,,,,,,,,
2017-06-21,2017-07-17,ProBook_SendLaneB2544hotreg,"Oklahoma City",7,Daily,0.09,0,0,,,,,,,,,,0,,,,,,,,,,,,,,
2017-06-21,2017-07-17,ProBook_SendLaneB2544hotreg,Lubbock,7,Daily,0,0,0,,,,,,,,,,0,,,,,,,,,,,,,,
2017-06-21,2017-07-17,ProBook_SendLaneB2544hotreg,Omaha,7,Daily,0.05,0,0,,,,,,,,,,0,,,,,,,,,,,,,,
2017-06-21,2017-07-17,ProBook_SendLaneB2544hotreg,Abilene-Sweetwater,7,Daily,0,0,0,,,,,,,,,,0,,,,,,,,,,,,,,
2017-06-21,2017-07-17,ProBook_SendLaneB2544hotreg,Madison,7,Daily,0.01,0,0,,,,,,,,,,0,,,,,,,,,,,,,,
2017-06-21,2017-07-17,ProBook_SendLaneB2544hotreg,Tulsa,7,Daily,0.06,0,0,,,,,,,,,,0,,,,,,,,,,,,,,
2017-06-21,2017-07-17,ProBook_SendLaneB2544hotreg,Peoria-Bloomington,7,Daily,0.01,0,0,,,,,,,,,,0,,,,,,,,,,,,,,
2017-06-21,2017-07-17,ProBook_SendLaneB2544hotreg,"Wichita-Hutchinson Plus",7,Daily,0.04,0,0,,,,,,,,,,0,,,,,,,,,,,,,,
2017-06-21,2017-07-17,ProBook_SendLaneB2544hotreg,"Des Moines-Ames",7,Daily,0.04,0,0,,,,,,,,,,0,,,,,,,,,,,,,,
2017-06-21,2017-07-17,ProBook_SendLaneB2544hotreg,"Beaumont-Port Arthur",7,Daily,0.01,0,0,,,,,,,,,,0,,,,,,,,,,,,,,
2017-06-21,2017-07-17,ProBook_SendLaneB2544hotreg,"Little Rock-Pine Bluff",7,Daily,0.19,0,5.5555555555556,5.5555555555556,0.19,,,,,0.0475,,,0,,,,,1,,,,,,,4,,
2017-06-21,2017-07-17,ProBook_SendLaneB2544hotreg,"Baton Rouge",7,Daily,0.19,0,0,,,,,,,,,,0,,,,,,,,,,,,,,
2017-06-21,2017-07-17,ProBook_SendLaneB2544hotreg,Anchorage,7,Daily,0.05,0,0,,,,,,,,,,0,,,,,,,,,,,,,,
2017-06-21,2017-07-17,ProBook_SendLaneB2544hotreg,Honolulu,7,Daily,0.02,0,0,,,,,,,,,,0,,,,,,,,,,,,,,
2017-06-21,2017-07-17,ProBook_SendLaneB2544hotreg,Denver,7,Daily,0.09,0,0,,,,,,,,,,0,,,,,,,,,,,,,,
2017-06-21,2017-07-17,ProBook_SendLaneB2544hotreg,"Colorado Springs-Pueblo",7,Daily,0,0,0,,,,,,,,,,0,,,,,,,,,,,,,,
2017-06-21,2017-07-17,ProBook_SendLaneB2544hotreg,"El Paso (Las Cruces)",7,Daily,0.04,0,0,,,,,,,,,,0,,,,,,,,,,,,,,
2017-06-21,2017-07-17,ProBook_SendLaneB2544hotreg,"Salt Lake City",7,Daily,0.04,0,0,,,,,,,,,,0,,,,,,,,,,,,,,
2017-06-21,2017-07-17,ProBook_SendLaneB2544hotreg,"Tucson (Sierra Vista)",7,Daily,0,0,0,,,,,,,,,,0,,,,,,,,,,,,,,
2017-06-21,2017-07-17,ProBook_SendLaneB2544hotreg,"Albuquerque-Santa Fe",7,Daily,0.04,0,0,,,,,,,,,,0,,,,,,,,,,,,,,
2017-06-21,2017-07-17,ProBook_SendLaneB2544hotreg,Seattle-Tacoma,7,Daily,0.15,0,0,,,,,,,,,,0,,,,,,,,,,,,,,
2017-06-21,2017-07-17,ProBook_SendLaneB2544hotreg,"Portland, OR",7,Daily,0.04,0,0,,,,,,,,,,0,,,,,,,,,,,,,,
2017-06-21,2017-07-17,ProBook_SendLaneB2544hotreg,"San Diego",7,Daily,0.08,0,0,,,,,,,,,,0,,,,,,,,,,,,,,
2017-06-21,2017-07-17,ProBook_SendLaneB2544hotreg,Monterey-Salinas,7,Daily,0,0,0,,,,,,,,,,0,,,,,,,,,,,,,,
2017-06-21,2017-07-17,ProBook_SendLaneB2544hotreg,"Las Vegas",7,Daily,0.17,0,10,10,0.17,,,,,0.085,,,0,,,,,1,,,,,,,2,,
2017-06-21,2017-07-17,ProBook_SendLaneB2544hotreg,Fresno-Visalia,7,Daily,0.03,0,0,,,,,,,,,,0,,,,,,,,,,,,,,
2017-06-21,2017-07-17,ProBook_xPg_SendLaneBoth2544hotreg,Macon,7,Daily,0.01,0,0,,,,,,,,,,0,,,,,,,,,,,,,,
2017-06-21,2017-07-17,ProBook_xPg_SendLaneBoth2544hotreg,"Boston (Manchester)",7,Daily,0.01,0,0,,,,,,,,,,0,,,,,,,,,,,,,,
2017-06-21,2017-07-17,ProBook_xPg_SendLaneBoth2544hotreg,Pittsburgh,7,Daily,0.02,0,0,,,,,,,,,,0,,,,,,,,,,,,,,
2017-06-21,2017-07-17,ProBook_xPg_SendLaneBoth2544hotreg,Buffalo,7,Daily,0.01,0,0,,,,,,,,,,0,,,,,,,,,,,,,,
2017-06-21,2017-07-17,ProBook_xPg_SendLaneBoth2544hotreg,Charlotte,7,Daily,0.05,0,0,,,,,,,,,,0,,,,,,,,,,,,,,
2017-06-21,2017-07-17,ProBook_xPg_SendLaneBoth2544hotreg,Greensboro-H.Point-W.Salem,7,Daily,0.05,0,0,,,,,,,,,,0,,,,,,,,,,,,,,
2017-06-21,2017-07-17,ProBook_xPg_SendLaneBoth2544hotreg,Indianapolis,7,Daily,0.03,0,0,,,,,,,,,,0,,,,,,,,,,,,,,
2017-06-21,2017-07-17,ProBook_xPg_SendLaneBoth2544hotreg,Tallahassee-Thomasville,7,Daily,0.01,0,0,,,,,,,,,,0,,,,,,,,,,,,,,
2017-06-21,2017-07-17,ProBook_xPg_SendLaneBoth2544hotreg,"Hartford & New Haven",7,Daily,0.05,0,0,,,,,,,,,,0,,,,,,,,,,,,,,
2017-06-21,2017-07-17,ProBook_xPg_SendLaneBoth2544hotreg,"Orlando-Daytona Bch-Melbrn",7,Daily,0.04,0,0,,,,,,,,,,0,,,,,,,,,,,,,,
2017-06-21,2017-07-17,ProBook_xPg_SendLaneBoth2544hotreg,"Columbus, OH",7,Daily,0.01,0,0,,,,,,,,,,0,,,,,,,,,,,,,,
2017-06-21,2017-07-17,ProBook_xPg_SendLaneBoth2544hotreg,Dayton,7,Daily,0.03,0,0,,,,,,,,,,0,,,,,,,,,,,,,,
2017-06-21,2017-07-17,ProBook_xPg_SendLaneBoth2544hotreg,Syracuse,7,Daily,0.01,0,0,,,,,,,,,,0,,,,,,,,,,,,,,
2017-06-21,2017-07-17,ProBook_xPg_SendLaneBoth2544hotreg,"Corpus Christi",7,Daily,0.01,0,0,,,,,,,,,,0,,,,,,,,,,,,,,
2017-06-21,2017-07-17,ProBook_xPg_SendLaneBoth2544hotreg,Chicago,7,Daily,0.08,0,0,,,,,,,,,,0,,,,,,,,,,,,,,
2017-06-21,2017-07-17,ProBook_xPg_SendLaneBoth2544hotreg,Shreveport,7,Daily,0.06,0,0,,,,,,,,,,0,,,,,,,,,,,,,,
2017-06-21,2017-07-17,ProBook_xPg_SendLaneBoth2544hotreg,"Birmingham (Ann And Tusc)",7,Daily,0.06,0,0,,,,,,,,,,0,,,,,,,,,,,,,,
2017-06-21,2017-07-17,ProBook_xPg_SendLaneBoth2544hotreg,Austin,7,Daily,0.03,0,0,,,,,,,,,,0,,,,,,,,,,,,,,
2017-06-21,2017-07-17,ProBook_xPg_SendLaneBoth2544hotreg,"Lafayette, LA",7,Daily,0.01,0,0,,,,,,,,,,0,,,,,,,,,,,,,,
2017-06-21,2017-07-17,ProBook_xPg_SendLaneBoth2544hotreg,Tulsa,7,Daily,0.01,0,0,,,,,,,,,,0,,,,,,,,,,,,,,
2017-06-21,2017-07-17,ProBook_xPg_SendLaneBoth2544hotreg,Denver,7,Daily,0.04,0,0,,,,,,,,,,0,,,,,,,,,,,,,,
2017-06-21,2017-07-17,ProBook_xPg_SendLaneBoth2544hotreg,"El Paso (Las Cruces)",7,Daily,0.01,0,0,,,,,,,,,,0,,,,,,,,,,,,,,
